Nike,Hoodie,31
Nike,Socks,4
Puma,Leggings,16
Adidas,Socks,2
Puma,Shoes,17
Reebok,Shirt,29
Reebok,Shoes,92
Adidas,Socks,5
FILA,Wristband,7
Adidas,Tracksuit,17
Puma,Leggings,8
Nike,Shoes,114
Adidas,Wristband,8
Puma,Shoes,39
FILA,Leggings,17
Puma,Wristband,3
Puma,Shirt,6
FILA,Tracksuit,27
FILA,Tracksuit,24
Adidas,Socks,4
Nike,Socks,3
FILA,Leggings,23
Adidas,Tracksuit,26
Reebok,Tracksuit,37
Reebok,Shoes,113
Puma,Wristband,7
FILA,Wristband,6
Reebok,Wristband,5
Reebok,Shirt,21
Puma,Wristband,7
FILA,Shirt,37
FILA,Socks,5
Nike,Tracksuit,30
Adidas,Shirt,24
Nike,Hoodie,35
Nike,Socks,2
Adidas,Tracksuit,28
Puma,Wristband,6
Reebok,Shoes,30
FILA,Hoodie,31
FILA,Tracksuit,36
Nike,Tracksuit,27
Puma,Shirt,13
Adidas,Tracksuit,45
Puma,Shirt,14
Nike,Shirt,25
FILA,Tracksuit,27
Puma,Wristband,8
Nike,Shoes,38
FILA,Leggings,28
Puma,Leggings,5
Nike,Hoodie,62
FILA,Shoes,46
FILA,Shirt,37
Adidas,Tracksuit,43
Reebok,Shirt,26
Nike,Shirt,29
Puma,Tracksuit,10
FILA,Shirt,22
FILA,Tracksuit,15
FILA,Leggings,6
Adidas,Tracksuit,50
Puma,Hoodie,43
Adidas,Socks,5
Reebok,Leggings,10
Nike,Wristband,5
Reebok,Shoes,114
Reebok,Leggings,11
Puma,Hoodie,68
Reebok,Shirt,32
Reebok,Shirt,39
Adidas,Hoodie,44
Reebok,Tracksuit,30
FILA,Shirt,21
Adidas,Shirt,22
FILA,Leggings,13
Adidas,Tracksuit,12
FILA,Shirt,32
FILA,Hoodie,57
Adidas,Tracksuit,22
Reebok,Shirt,28
Nike,Shoes,85
Puma,Tracksuit,29
FILA,Hoodie,34
Puma,Shirt,22
Adidas,Socks,5
Adidas,Tracksuit,31
Adidas,Wristband,1
Nike,Hoodie,75
Nike,Tracksuit,44
Adidas,Socks,5
Nike,Shirt,12
FILA,Wristband,6
FILA,Shirt,20
Puma,Socks,2
Reebok,Socks,2
Reebok,Shoes,28
Reebok,Socks,3
Adidas,Wristband,4
Adidas,Shirt,19
Puma,Shoes,21
Reebok,Shoes,57
Reebok,Tracksuit,48
Puma,Wristband,1
Nike,Wristband,8
Adidas,Shoes,116
Puma,Hoodie,71
Reebok,Shoes,106
Puma,Leggings,26
Adidas,Leggings,30
Nike,Tracksuit,41
Adidas,Shirt,25
FILA,Tracksuit,35
FILA,Shoes,66
Adidas,Shoes,106
Adidas,Tracksuit,26
Adidas,Leggings,18
Reebok,Shoes,71
Puma,Shirt,29
Puma,Leggings,9
Nike,Shirt,19
FILA,Headband,1
FILA,Tracksuit,16
FILA,Wristband,9
Puma,Shirt,32
Adidas,Hoodie,74
Adidas,Socks,4
Nike,Tracksuit,21
Reebok,Wristband,7
FILA,Shirt,26
Reebok,Socks,5
Adidas,Leggings,27
Nike,Shirt,34
Reebok,Headband,4
Adidas,Shirt,10
Nike,Wristband,7
Puma,Shirt,16
Nike,Tracksuit,30
Puma,Headband,7
FILA,Shoes,31
Reebok,Shirt,12
FILA,Tracksuit,40
Nike,Tracksuit,38
Reebok,Wristband,4
Reebok,Shoes,74
Reebok,Hoodie,50
FILA,Leggings,13
Adidas,Leggings,28
Adidas,Wristband,6
Adidas,Shoes,54
Reebok,Shirt,6
Adidas,Tracksuit,9
Adidas,Headband,7
Nike,Shoes,59
Adidas,Shirt,38
Puma,Tracksuit,40
Reebok,Shoes,96
Puma,Hoodie,47
FILA,Wristband,3
FILA,Tracksuit,41
FILA,Tracksuit,36
Puma,Tracksuit,47
FILA,Socks,5
FILA,Shoes,101
FILA,Leggings,18
Reebok,Shirt,36
FILA,Leggings,28
FILA,Shoes,96
Reebok,Shirt,33
Puma,Shirt,34
FILA,Shirt,11
Adidas,Tracksuit,30
FILA,Wristband,4
Puma,Shirt,38
FILA,Shirt,19
FILA,Shoes,47
Reebok,Tracksuit,21
Nike,Hoodie,73
Nike,Shirt,38
Adidas,Shoes,59
Reebok,Tracksuit,39
Nike,Wristband,6
Puma,Leggings,26
FILA,Hoodie,16
Adidas,Shirt,25
Nike,Headband,2
Reebok,Wristband,9
Reebok,Shoes,34
Adidas,Leggings,26
Puma,Headband,4
FILA,Tracksuit,16
Adidas,Leggings,17
Nike,Headband,1
Puma,Socks,3
Adidas,Hoodie,79
FILA,Headband,3
Nike,Wristband,9
Adidas,Shoes,102
Nike,Leggings,20
FILA,Tracksuit,9
Adidas,Shoes,16
FILA,Shoes,44
Nike,Wristband,3
Nike,Wristband,5
Nike,Tracksuit,34
Nike,Wristband,1
Nike,Headband,7
FILA,Socks,3
Nike,Shirt,19
Reebok,Tracksuit,17
Nike,Tracksuit,41
FILA,Shirt,9
Nike,Socks,2
Nike,Shirt,38
Adidas,Shoes,69
FILA,Shirt,13
Puma,Hoodie,76
FILA,Shirt,15
Nike,Leggings,24
Nike,Leggings,19
Puma,Socks,4
FILA,Wristband,5
FILA,Socks,3
Reebok,Socks,5
FILA,Hoodie,48
Adidas,Shirt,11
Reebok,Leggings,27
Reebok,Headband,8
FILA,Leggings,7
Nike,Shoes,67
Puma,Shoes,89
Adidas,Tracksuit,35
Nike,Shoes,25
Puma,Tracksuit,35
FILA,Hoodie,70
FILA,Tracksuit,49
Reebok,Shoes,84
Nike,Shirt,21
Puma,Wristband,6
FILA,Shirt,15
Nike,Leggings,17
FILA,Shirt,32
Nike,Wristband,4
Nike,Tracksuit,41
Nike,Tracksuit,13
FILA,Socks,3
Nike,Shirt,40
Nike,Shoes,62
Adidas,Shoes,105
FILA,Hoodie,16
Reebok,Shoes,39
Puma,Socks,4
Reebok,Shirt,29
Puma,Socks,2
Nike,Hoodie,15
FILA,Leggings,9
Puma,Wristband,9
Reebok,Tracksuit,43
FILA,Socks,5
FILA,Shirt,10
Reebok,Tracksuit,25
Puma,Leggings,25
Adidas,Shirt,25
Adidas,Leggings,22
FILA,Socks,5
Nike,Shirt,19
Puma,Shoes,24
Puma,Shirt,17
FILA,Shoes,98
Reebok,Shoes,43
FILA,Shirt,18
Adidas,Wristband,3
FILA,Shoes,105
Puma,Leggings,14
Reebok,Shoes,119
Reebok,Socks,2
FILA,Wristband,8
Reebok,Shirt,14
Adidas,Shoes,40
Adidas,Shoes,112
Reebok,Shirt,15
Puma,Tracksuit,50
FILA,Leggings,8
Reebok,Leggings,12
FILA,Shoes,65
Nike,Leggings,16
Nike,Wristband,3
Puma,Hoodie,37
FILA,Leggings,15
Adidas,Shirt,39
Reebok,Tracksuit,41
FILA,Wristband,8
Nike,Tracksuit,15
Nike,Leggings,21
Adidas,Tracksuit,31
Nike,Shoes,88
Reebok,Hoodie,70
Adidas,Shoes,22
Puma,Shoes,47
Reebok,Socks,5
Adidas,Hoodie,70
Adidas,Shirt,38
Adidas,Leggings,17
Nike,Tracksuit,10
FILA,Shirt,35
FILA,Tracksuit,18
Adidas,Socks,4
Puma,Shirt,18
Puma,Shoes,115
Puma,Shoes,20
FILA,Shirt,28
FILA,Tracksuit,38
Adidas,Shirt,35
Nike,Socks,3
FILA,Wristband,9
Adidas,Shirt,12
Puma,Tracksuit,25
FILA,Shirt,12
FILA,Leggings,20
Puma,Leggings,17
Puma,Shoes,73
FILA,Wristband,9
Reebok,Shirt,22
Adidas,Wristband,5
Adidas,Headband,7
Nike,Wristband,6
Puma,Socks,5
Nike,Leggings,9
Nike,Shirt,23
Puma,Shirt,16
Puma,Socks,3
FILA,Shoes,115
FILA,Socks,3
Adidas,Shoes,105
Puma,Shoes,47
FILA,Socks,2
Reebok,Leggings,10
FILA,Leggings,12
Adidas,Shirt,16
Nike,Wristband,6
Adidas,Socks,3
Reebok,Hoodie,70
Reebok,Tracksuit,27
FILA,Socks,5
Reebok,Shirt,8
Reebok,Tracksuit,15
Adidas,Shoes,80
Puma,Shirt,25
Reebok,Shirt,13
Reebok,Headband,2
Reebok,Shoes,25
Nike,Tracksuit,11
Adidas,Shirt,25
Reebok,Shoes,90
FILA,Tracksuit,9
Reebok,Wristband,3
Reebok,Leggings,4
Reebok,Hoodie,67
Reebok,Leggings,18
Adidas,Shoes,109
Puma,Shoes,52
FILA,Leggings,27
Reebok,Shirt,32
Reebok,Wristband,9
Reebok,Shirt,32
Nike,Shoes,37
FILA,Shirt,30
Nike,Hoodie,50
FILA,Leggings,4
FILA,Tracksuit,9
Reebok,Shoes,56
Adidas,Shoes,79
Adidas,Shoes,83
Reebok,Wristband,7
Puma,Tracksuit,30
Adidas,Tracksuit,10
Reebok,Socks,2
Nike,Shirt,11
Nike,Shirt,19
Reebok,Shirt,30
Reebok,Tracksuit,33
Adidas,Shoes,39
FILA,Wristband,8
Adidas,Shoes,27
FILA,Leggings,16
Adidas,Wristband,8
Reebok,Tracksuit,11
Puma,Shirt,17
Reebok,Shirt,12
Nike,Tracksuit,31
Nike,Shoes,41
Reebok,Headband,5
Reebok,Leggings,16
Reebok,Shirt,21
Adidas,Socks,3
Adidas,Shoes,41
Adidas,Shoes,39
FILA,Socks,3
Adidas,Shirt,10
FILA,Tracksuit,16
Adidas,Shirt,16
Reebok,Hoodie,54
Adidas,Shirt,16
FILA,Shirt,8
Reebok,Socks,2
Nike,Tracksuit,18
FILA,Shirt,10
FILA,Tracksuit,24
FILA,Shirt,6
Reebok,Shirt,38
Puma,Shirt,13
Nike,Tracksuit,32
FILA,Socks,5
Puma,Shoes,21
Reebok,Tracksuit,31
Reebok,Hoodie,79
FILA,Headband,7
Nike,Shoes,99
Reebok,Headband,2
Reebok,Shoes,89
Adidas,Wristband,5
Nike,Shoes,89
FILA,Shirt,16
Reebok,Socks,4
Adidas,Tracksuit,29
Adidas,Tracksuit,14
Adidas,Shoes,23
Puma,Shoes,32
FILA,Leggings,14
FILA,Socks,4
Adidas,Shoes,97
Nike,Shoes,95
Reebok,Leggings,7
Reebok,Shirt,14
Nike,Tracksuit,24
Puma,Tracksuit,29
Puma,Tracksuit,29
Adidas,Socks,2
Adidas,Shirt,13
FILA,Leggings,30
Adidas,Tracksuit,47
Reebok,Shoes,19
Nike,Tracksuit,13
Nike,Socks,5
Puma,Shoes,58
Reebok,Leggings,19
Puma,Socks,3
FILA,Leggings,14
Puma,Tracksuit,16
Reebok,Tracksuit,21
Reebok,Shirt,32
Reebok,Shoes,101
Adidas,Shirt,39
Nike,Wristband,4
Adidas,Shoes,110
Nike,Shoes,89
Adidas,Shirt,9
Nike,Shoes,102
Adidas,Socks,3
FILA,Socks,5
Nike,Tracksuit,21
FILA,Socks,2
FILA,Socks,2
Nike,Tracksuit,43
FILA,Tracksuit,16
Reebok,Leggings,14
FILA,Shoes,63
Nike,Shoes,107
FILA,Leggings,25
Reebok,Shoes,92
Adidas,Shirt,13
Reebok,Tracksuit,10
Adidas,Shirt,29
Reebok,Tracksuit,24
Nike,Tracksuit,46
Puma,Tracksuit,47
Adidas,Tracksuit,25
Reebok,Leggings,6
Nike,Leggings,9
Adidas,Shoes,44
Puma,Shirt,38
FILA,Shoes,100
FILA,Shoes,26
Reebok,Shirt,14
Reebok,Shoes,114
Puma,Shirt,30
FILA,Headband,6
FILA,Tracksuit,16
FILA,Shirt,11
Reebok,Shirt,27
Nike,Leggings,26
Nike,Shoes,27
Nike,Wristband,1
FILA,Shirt,34
Adidas,Wristband,8
Reebok,Shirt,37
FILA,Wristband,3
Adidas,Shirt,8
Reebok,Leggings,6
Puma,Shoes,78
Reebok,Shirt,12
Reebok,Socks,5
Puma,Shirt,29
Adidas,Shirt,13
Nike,Leggings,29
FILA,Socks,3
FILA,Shirt,7
Adidas,Shoes,108
Adidas,Wristband,4
FILA,Headband,7
Puma,Shoes,85
Nike,Tracksuit,14
FILA,Shoes,71
Reebok,Hoodie,27
FILA,Tracksuit,17
Puma,Hoodie,22
FILA,Shoes,79
Puma,Socks,4
Puma,Tracksuit,22
Nike,Shoes,49
FILA,Shirt,39
Adidas,Shoes,75
Adidas,Shirt,8
Puma,Tracksuit,42
Nike,Shoes,46
Puma,Socks,4
Adidas,Socks,2
Nike,Hoodie,51
Nike,Leggings,16
Reebok,Shirt,14
Nike,Shirt,14
Puma,Tracksuit,15
Adidas,Socks,4
Nike,Shirt,33
Nike,Wristband,6
Adidas,Leggings,16
Reebok,Shoes,90
FILA,Shoes,59
Adidas,Shirt,22
Adidas,Tracksuit,49
Adidas,Wristband,4
FILA,Tracksuit,20
FILA,Shoes,58
Nike,Leggings,25
FILA,Shirt,16
FILA,Headband,3
Nike,Shoes,70
Adidas,Socks,4
FILA,Wristband,8
Puma,Leggings,10
Adidas,Wristband,2
Adidas,Shoes,42
Puma,Shoes,81
Puma,Socks,5
Reebok,Hoodie,51
Nike,Leggings,29
Adidas,Shirt,31
Reebok,Socks,2
FILA,Shirt,8
FILA,Shoes,17
Reebok,Tracksuit,39
Reebok,Tracksuit,33
Nike,Leggings,6
Puma,Shoes,108
Puma,Hoodie,76
Adidas,Leggings,13
FILA,Shoes,27
FILA,Shoes,118
FILA,Shirt,31
FILA,Shoes,53
Adidas,Socks,5
Reebok,Wristband,5
Puma,Wristband,3
Reebok,Shoes,114
Reebok,Shoes,21
Adidas,Leggings,14
Nike,Leggings,15
FILA,Shoes,74
Adidas,Leggings,30
Adidas,Tracksuit,38
Adidas,Shirt,16
FILA,Shirt,26
Reebok,Leggings,19
Nike,Tracksuit,20
FILA,Wristband,6
FILA,Shoes,43
Nike,Shoes,44
Nike,Tracksuit,27
Nike,Socks,2
Reebok,Tracksuit,13
Puma,Socks,3
FILA,Shoes,29
FILA,Leggings,27
FILA,Wristband,9
Puma,Tracksuit,21
Reebok,Shirt,35
Nike,Socks,2
FILA,Socks,3
Nike,Wristband,1
FILA,Socks,2
FILA,Tracksuit,21
Adidas,Shoes,77
Adidas,Socks,3
Puma,Leggings,27
Adidas,Shoes,92
Nike,Shoes,103
Adidas,Tracksuit,30
Puma,Leggings,10
Puma,Shirt,33
FILA,Leggings,23
Puma,Shoes,94
Reebok,Socks,2
Nike,Shoes,56
Reebok,Shoes,35
Reebok,Socks,5
Reebok,Shoes,39
Nike,Shoes,73
Nike,Shirt,8
Reebok,Shirt,25
Reebok,Wristband,4
FILA,Socks,4
Reebok,Shoes,42
Nike,Shoes,19
Nike,Socks,5
FILA,Shoes,18
Puma,Hoodie,54
Nike,Shirt,37
Nike,Shoes,34
Puma,Leggings,6
FILA,Socks,3
Reebok,Socks,3
Nike,Hoodie,43
FILA,Shirt,35
Adidas,Leggings,25
Puma,Shoes,20
FILA,Wristband,4
Adidas,Wristband,7
Puma,Leggings,12
Adidas,Tracksuit,18
Adidas,Shoes,69
Puma,Hoodie,17
Reebok,Leggings,13
Reebok,Headband,6
Reebok,Wristband,8
Nike,Shoes,60
Reebok,Leggings,25
Reebok,Wristband,6
Adidas,Tracksuit,38
FILA,Socks,3
Nike,Tracksuit,28
Puma,Shirt,8
FILA,Leggings,26
Adidas,Leggings,6
FILA,Tracksuit,42
Reebok,Shirt,30
FILA,Tracksuit,36
Puma,Shoes,101
Adidas,Hoodie,76
Adidas,Socks,3
Puma,Leggings,28
Puma,Tracksuit,41
Nike,Headband,3
Reebok,Socks,5
Reebok,Tracksuit,21
Nike,Shoes,90
FILA,Shoes,49
Nike,Shirt,37
Puma,Socks,5
Nike,Leggings,16
Reebok,Leggings,14
Nike,Tracksuit,19
Adidas,Shirt,11
Reebok,Shoes,31
Puma,Shirt,14
FILA,Wristband,3
Nike,Tracksuit,22
FILA,Tracksuit,38
Reebok,Shirt,21
Puma,Tracksuit,21
Adidas,Tracksuit,34
Adidas,Shoes,98
Puma,Tracksuit,21
Adidas,Tracksuit,21
FILA,Socks,5
FILA,Wristband,1
Nike,Wristband,7
FILA,Tracksuit,38
Adidas,Shoes,29
Reebok,Socks,4
Adidas,Socks,3
Nike,Shirt,9
Reebok,Shoes,65
Reebok,Shirt,19
Reebok,Tracksuit,22
Puma,Hoodie,77
Reebok,Leggings,4
Reebok,Tracksuit,30
FILA,Socks,2
FILA,Wristband,1
Reebok,Wristband,9
Nike,Wristband,3
Puma,Hoodie,34
FILA,Shoes,39
Puma,Headband,9
Reebok,Shirt,21
FILA,Shirt,21
Nike,Shirt,27
Adidas,Leggings,25
Reebok,Leggings,4
Reebok,Tracksuit,35
Nike,Headband,9
Puma,Shirt,8
Nike,Socks,4
Adidas,Hoodie,25
Nike,Shirt,6
Nike,Shirt,7
Reebok,Hoodie,56
FILA,Socks,4
Reebok,Shoes,95
Puma,Socks,3
Nike,Shirt,40
Adidas,Shoes,92
Adidas,Tracksuit,48
Puma,Shoes,110
Nike,Wristband,6
Nike,Shoes,103
Nike,Shirt,26
Reebok,Shirt,6
FILA,Tracksuit,36
Puma,Wristband,2
FILA,Wristband,6
Adidas,Shirt,7
Reebok,Socks,5
Puma,Wristband,8
Reebok,Shirt,14
Adidas,Hoodie,64
Reebok,Wristband,9
Reebok,Shirt,11
FILA,Tracksuit,21
Puma,Shirt,12
Reebok,Shirt,35
Reebok,Shoes,57
Adidas,Shoes,77
Nike,Tracksuit,13
Nike,Tracksuit,35
FILA,Hoodie,32
Adidas,Socks,4
Nike,Tracksuit,9
FILA,Hoodie,69
FILA,Shoes,101
Reebok,Shirt,40
Adidas,Leggings,22
FILA,Tracksuit,47
Puma,Tracksuit,38
Puma,Wristband,7
FILA,Hoodie,62
Adidas,Shirt,30
FILA,Shoes,68
Reebok,Hoodie,71
Adidas,Shirt,32
Reebok,Leggings,28
Reebok,Leggings,15
Nike,Shoes,91
Adidas,Leggings,20
Reebok,Leggings,15
FILA,Hoodie,30
Puma,Tracksuit,29
Puma,Wristband,6
Puma,Leggings,17
Puma,Leggings,25
Nike,Shirt,25
Adidas,Socks,2
Reebok,Headband,1
Nike,Socks,2
Puma,Tracksuit,14
Puma,Hoodie,19
Puma,Headband,3
Puma,Shoes,69
Adidas,Shirt,17
FILA,Shirt,22
Nike,Wristband,1
Reebok,Leggings,29
Nike,Wristband,8
Reebok,Leggings,28
Adidas,Socks,3
Adidas,Leggings,19
Nike,Socks,5
Reebok,Hoodie,22
FILA,Shoes,90
FILA,Shoes,34
Reebok,Shirt,30
FILA,Headband,8
Puma,Hoodie,45
FILA,Leggings,25
Nike,Shoes,99
Puma,Wristband,3
Reebok,Tracksuit,29
FILA,Shirt,39
Puma,Tracksuit,16
Reebok,Leggings,15
FILA,Shirt,32
Adidas,Wristband,6
Puma,Tracksuit,35
Nike,Shirt,6
Nike,Shirt,40
Puma,Leggings,24
Nike,Socks,2
Adidas,Tracksuit,23
FILA,Leggings,17
Puma,Tracksuit,30
Adidas,Tracksuit,18
Adidas,Tracksuit,22
FILA,Tracksuit,16
Adidas,Socks,4
Reebok,Socks,5
Puma,Shoes,112
Reebok,Leggings,5
Reebok,Shoes,115
Reebok,Shirt,31
Puma,Socks,2
Puma,Socks,4
Puma,Leggings,25
Puma,Tracksuit,26
Nike,Wristband,7
Adidas,Socks,3
Adidas,Shoes,43
FILA,Shirt,30
Puma,Leggings,16
Nike,Tracksuit,41
Reebok,Leggings,12
Nike,Shoes,94
Puma,Tracksuit,50
Adidas,Shoes,99
Adidas,Headband,5
FILA,Shoes,64
Nike,Shoes,28
Nike,Shirt,38
FILA,Leggings,24
Puma,Shoes,49
Nike,Socks,5
FILA,Shoes,82
Reebok,Leggings,10
FILA,Shirt,10
Nike,Shoes,94
Adidas,Leggings,4
Nike,Leggings,8
Puma,Leggings,30
Nike,Socks,3
Reebok,Shirt,25
FILA,Shoes,45
Nike,Shoes,39
Adidas,Leggings,23
Nike,Tracksuit,25
Adidas,Socks,4
Adidas,Socks,2
Puma,Tracksuit,44
Puma,Shoes,40
FILA,Leggings,27
Adidas,Tracksuit,50
FILA,Tracksuit,49
FILA,Shoes,106
Puma,Shirt,11
FILA,Leggings,16
Reebok,Tracksuit,39
FILA,Shoes,15
FILA,Leggings,26
FILA,Socks,3
Adidas,Wristband,8
Nike,Shoes,68
Puma,Tracksuit,35
Reebok,Leggings,23
Nike,Wristband,4
Nike,Shoes,108
Nike,Wristband,3
Reebok,Hoodie,20
Nike,Leggings,18
Nike,Socks,2
Adidas,Tracksuit,25
Reebok,Shirt,19
Reebok,Hoodie,45
FILA,Tracksuit,39
Nike,Wristband,4
Reebok,Shoes,16
Reebok,Hoodie,47
Reebok,Wristband,8
FILA,Leggings,27
Reebok,Wristband,6
Puma,Hoodie,49
FILA,Shoes,119
Puma,Shoes,119
FILA,Hoodie,43
Nike,Headband,8
Adidas,Socks,5
Puma,Shirt,27
Reebok,Socks,3
FILA,Shoes,100
Puma,Tracksuit,27
FILA,Leggings,18
FILA,Tracksuit,21
Puma,Tracksuit,35
FILA,Tracksuit,12
FILA,Leggings,13
Reebok,Shirt,19
Reebok,Shirt,40
Nike,Socks,5
Reebok,Hoodie,19
Nike,Shirt,9
Nike,Shoes,36
Nike,Leggings,14
Puma,Shoes,44
Adidas,Tracksuit,44
Reebok,Shoes,86
Adidas,Shoes,62
Adidas,Tracksuit,40
Nike,Tracksuit,29
Nike,Shoes,55
Reebok,Socks,3
FILA,Headband,1
Adidas,Shirt,34
Reebok,Socks,2
Reebok,Socks,4
Puma,Shoes,111
Nike,Wristband,5
Puma,Shirt,33
Reebok,Tracksuit,46
Reebok,Leggings,16
Nike,Socks,4
FILA,Shirt,16
FILA,Headband,9
Nike,Shoes,117
Puma,Shoes,21
Reebok,Headband,1
Nike,Shoes,71
Reebok,Wristband,1
FILA,Shirt,38
Puma,Wristband,6
Reebok,Shirt,23
Reebok,Tracksuit,44
Reebok,Leggings,6
Adidas,Shoes,119
Nike,Shoes,80
FILA,Shoes,114
FILA,Headband,6
Reebok,Leggings,10
Puma,Shoes,28
Reebok,Headband,9
Reebok,Tracksuit,31
Reebok,Wristband,4
Puma,Tracksuit,22
FILA,Shoes,59
Nike,Hoodie,49
Puma,Wristband,3
Reebok,Leggings,16
Puma,Shirt,19
Nike,Shirt,11
Adidas,Headband,5
Reebok,Shoes,120
FILA,Tracksuit,18
Nike,Shirt,24
Adidas,Tracksuit,19
Nike,Shirt,9
FILA,Shoes,51
Nike,Shirt,22
Adidas,Leggings,23
Nike,Tracksuit,33
Reebok,Tracksuit,25
FILA,Shoes,66
FILA,Shirt,16
Nike,Shoes,37
Nike,Tracksuit,47
Nike,Tracksuit,15
Nike,Tracksuit,13
Adidas,Shoes,116
Nike,Hoodie,56
Puma,Socks,3
Puma,Tracksuit,31
FILA,Wristband,8
Puma,Tracksuit,13
Adidas,Shirt,8
Reebok,Shoes,32
Adidas,Wristband,9
Reebok,Shoes,21
Nike,Shoes,64
Adidas,Shoes,66
Nike,Shoes,67
Nike,Hoodie,19
FILA,Shoes,101
Puma,Leggings,21
Puma,Shoes,115
Reebok,Tracksuit,26
FILA,Wristband,5
Puma,Shoes,90
Reebok,Leggings,13
Reebok,Shoes,49
Nike,Wristband,5
Nike,Shoes,63
Adidas,Tracksuit,45
Nike,Headband,6
Adidas,Wristband,7
Reebok,Shirt,34
Reebok,Headband,2
Nike,Shirt,39
Reebok,Tracksuit,14
Puma,Hoodie,35
Adidas,Shoes,45
Nike,Socks,4
Nike,Leggings,25
Puma,Shirt,20
Reebok,Shoes,48
Reebok,Shoes,98
Nike,Tracksuit,48
Nike,Leggings,23
Adidas,Tracksuit,10
FILA,Leggings,19
Nike,Wristband,6
Nike,Leggings,8
Adidas,Socks,5
Puma,Leggings,30
Nike,Tracksuit,9
Puma,Leggings,27
FILA,Shoes,29
Nike,Hoodie,23
Adidas,Socks,3
Puma,Shirt,39
Reebok,Leggings,21
Adidas,Hoodie,27
Reebok,Tracksuit,17
Adidas,Shoes,115
FILA,Shirt,22
Reebok,Tracksuit,31
Reebok,Shirt,26
Reebok,Tracksuit,24
FILA,Shoes,45
Reebok,Leggings,25
FILA,Shoes,118
Nike,Leggings,19
FILA,Shirt,18
FILA,Hoodie,53
FILA,Leggings,24
Reebok,Leggings,12
Adidas,Tracksuit,44
Nike,Shoes,80
Puma,Socks,5
Puma,Tracksuit,12
Nike,Socks,3
FILA,Tracksuit,47
Puma,Headband,6
Nike,Shirt,20
Nike,Shirt,28
FILA,Shirt,18
Reebok,Hoodie,38
Nike,Wristband,6
Reebok,Hoodie,76
FILA,Wristband,1
Nike,Shoes,19
Adidas,Socks,4
FILA,Leggings,26
Puma,Socks,2
Adidas,Leggings,20
Nike,Shoes,33
Reebok,Shirt,24
Puma,Shoes,78
Puma,Headband,7
Adidas,Leggings,21
FILA,Shirt,30
Nike,Hoodie,67
Nike,Shirt,14
Reebok,Shirt,30
Adidas,Shoes,89
Puma,Shoes,26
Nike,Shirt,12
FILA,Shirt,37
Nike,Shoes,77
Reebok,Tracksuit,38
Reebok,Shoes,88
Adidas,Tracksuit,41
Puma,Shirt,34
Nike,Shirt,33
FILA,Hoodie,36
FILA,Leggings,28
Puma,Tracksuit,22
Adidas,Shirt,23
Adidas,Shoes,100
FILA,Shoes,104
Reebok,Leggings,8
Puma,Shoes,62
FILA,Shoes,48
Reebok,Wristband,5
Adidas,Shoes,54
Puma,Socks,4
Adidas,Tracksuit,42
Reebok,Shoes,68
FILA,Leggings,17
Adidas,Leggings,30
FILA,Tracksuit,10
Nike,Tracksuit,41
Reebok,Shirt,7
Nike,Shoes,37
Nike,Shoes,107
Nike,Shirt,26
Adidas,Tracksuit,38
FILA,Shoes,20
Adidas,Tracksuit,29
Puma,Leggings,12
Adidas,Tracksuit,45
Puma,Socks,4
Nike,Leggings,17
Nike,Hoodie,34
Adidas,Wristband,6
Puma,Wristband,4
FILA,Wristband,4
Reebok,Socks,3
Puma,Socks,2
Adidas,Wristband,2
Adidas,Tracksuit,27
FILA,Wristband,2
FILA,Leggings,7
Adidas,Tracksuit,21
Puma,Socks,2
Reebok,Shoes,112
FILA,Tracksuit,38
Reebok,Shoes,17
Reebok,Wristband,4
Nike,Wristband,1
Adidas,Socks,2
Adidas,Shoes,34
Puma,Headband,5
Puma,Hoodie,42
Nike,Shirt,24
Adidas,Leggings,26
Reebok,Shirt,15
Nike,Leggings,25
Puma,Tracksuit,19
Adidas,Leggings,6
Puma,Tracksuit,31
Nike,Shoes,37
Adidas,Tracksuit,24
Nike,Shoes,84
Puma,Wristband,7
Reebok,Shoes,106
Reebok,Shirt,26
Reebok,Socks,3
Puma,Headband,4
Puma,Shoes,75
Reebok,Tracksuit,15
Nike,Leggings,21
FILA,Tracksuit,42
FILA,Leggings,22
Adidas,Tracksuit,19
FILA,Leggings,13
Nike,Hoodie,49
FILA,Tracksuit,48
Reebok,Shoes,94
Puma,Socks,5
Puma,Tracksuit,24
FILA,Leggings,25
Reebok,Tracksuit,21
Reebok,Shirt,14
Puma,Shirt,9
Puma,Shirt,18
Puma,Shirt,36
Reebok,Shirt,33
Puma,Hoodie,57
Reebok,Shirt,24
FILA,Leggings,27
FILA,Leggings,24
FILA,Shirt,10
FILA,Wristband,2
Reebok,Shoes,45
Puma,Hoodie,78
Reebok,Tracksuit,28
Nike,Shoes,22
Reebok,Shirt,22
Nike,Shirt,33
Adidas,Wristband,7
Nike,Shoes,51
Puma,Shoes,103
Nike,Shoes,57
Reebok,Socks,2
FILA,Tracksuit,33
Adidas,Tracksuit,33
Nike,Wristband,9
Reebok,Shoes,52
Adidas,Shoes,104
FILA,Wristband,5
FILA,Shirt,24
Reebok,Socks,2
FILA,Wristband,5
Nike,Shoes,21
Adidas,Tracksuit,25
Reebok,Shoes,120
Reebok,Tracksuit,25
Nike,Shoes,81
Puma,Shirt,34
FILA,Tracksuit,31
Nike,Shoes,96
Puma,Hoodie,46
Adidas,Leggings,21
Nike,Socks,5
Puma,Shoes,23
FILA,Leggings,27
FILA,Tracksuit,31
FILA,Tracksuit,16
Puma,Tracksuit,35
Nike,Wristband,7
Nike,Shoes,67
Adidas,Socks,5
Reebok,Tracksuit,16
FILA,Shoes,24
FILA,Shirt,28
Nike,Socks,5
Adidas,Wristband,5
FILA,Wristband,7
Puma,Shirt,38
FILA,Hoodie,55
Puma,Shirt,12
Puma,Hoodie,73
Reebok,Hoodie,71
FILA,Hoodie,36
Nike,Shirt,15
Puma,Tracksuit,41
Nike,Shirt,18
Reebok,Shirt,27
Reebok,Headband,8
Nike,Tracksuit,10
FILA,Wristband,8
Reebok,Shoes,71
Nike,Shoes,25
Adidas,Shoes,42
Reebok,Tracksuit,47
Reebok,Shirt,25
Reebok,Socks,4
Puma,Shirt,28
Puma,Socks,3
Puma,Shirt,22
Nike,Leggings,4
Reebok,Tracksuit,21
Nike,Shirt,22
FILA,Leggings,5
Reebok,Tracksuit,39
FILA,Wristband,1
Adidas,Shoes,36
FILA,Hoodie,52
Reebok,Wristband,3
Adidas,Hoodie,80
Nike,Tracksuit,13
Nike,Socks,5
Adidas,Wristband,1
Adidas,Shoes,104
Nike,Tracksuit,25
Adidas,Socks,4
Adidas,Hoodie,48
Adidas,Tracksuit,26
Puma,Shoes,105
Reebok,Tracksuit,49
Reebok,Tracksuit,32
Adidas,Shirt,26
Puma,Socks,4
Reebok,Socks,4
Adidas,Shirt,16
FILA,Shirt,18
FILA,Tracksuit,47
FILA,Tracksuit,48
Nike,Socks,5
Puma,Socks,4
FILA,Tracksuit,19
FILA,Hoodie,24
Reebok,Wristband,6
FILA,Shirt,31
FILA,Leggings,5
FILA,Shirt,12
Reebok,Tracksuit,46
Reebok,Leggings,9
Adidas,Headband,5
Adidas,Socks,5
Reebok,Wristband,1
FILA,Shirt,10
Nike,Tracksuit,24
Adidas,Shoes,100
Adidas,Shirt,39
Adidas,Tracksuit,17
Nike,Tracksuit,39
Adidas,Shoes,77
Nike,Leggings,7
Puma,Shirt,21
Reebok,Leggings,23
Puma,Hoodie,39
FILA,Shirt,21
Nike,Headband,8
Adidas,Wristband,5
Adidas,Socks,2
Adidas,Socks,5
Puma,Tracksuit,26
FILA,Shoes,88
Puma,Shoes,77
Nike,Leggings,9
Reebok,Tracksuit,50
Adidas,Headband,3
Puma,Socks,4
Nike,Leggings,6
FILA,Shirt,8
Reebok,Shirt,17
Adidas,Tracksuit,33
Reebok,Shoes,68
Reebok,Shirt,31
Nike,Leggings,9
Puma,Socks,5
Nike,Shirt,15
FILA,Shoes,99
Nike,Shoes,86
Reebok,Shirt,31
Reebok,Shirt,7
Nike,Shoes,69
Nike,Tracksuit,35
Adidas,Tracksuit,18
FILA,Shoes,40
Adidas,Socks,2
Nike,Shirt,29
Adidas,Hoodie,75
Adidas,Tracksuit,23
Adidas,Hoodie,78
Reebok,Leggings,17
FILA,Tracksuit,33
Puma,Leggings,29
Reebok,Headband,6
Reebok,Shirt,29
Puma,Wristband,8
Reebok,Shoes,21
FILA,Tracksuit,18
Adidas,Shirt,8
FILA,Tracksuit,39
Nike,Leggings,4
Nike,Wristband,2
Reebok,Shirt,40
Adidas,Leggings,14
Puma,Shirt,32
Nike,Leggings,6
Reebok,Shirt,18
Reebok,Shirt,6
FILA,Leggings,25
FILA,Shoes,64
FILA,Socks,5
Nike,Socks,4
Adidas,Socks,4
FILA,Shirt,8
FILA,Tracksuit,42
Puma,Shoes,52
Reebok,Shirt,29
Reebok,Socks,4
Nike,Leggings,20
FILA,Tracksuit,43
Puma,Shoes,105
Reebok,Shirt,13
Puma,Socks,3
Puma,Tracksuit,11
FILA,Leggings,6
Reebok,Headband,6
FILA,Leggings,13
FILA,Leggings,13
Reebok,Tracksuit,29
Adidas,Tracksuit,26
FILA,Shirt,28
FILA,Shoes,69
Reebok,Shirt,31
Reebok,Shoes,17
Reebok,Wristband,3
Reebok,Shoes,95
Puma,Shoes,16
Nike,Shirt,30
FILA,Tracksuit,43
Adidas,Shoes,113
FILA,Wristband,4
Puma,Shirt,21
Adidas,Shoes,61
Puma,Leggings,7
Reebok,Wristband,2
Adidas,Shirt,26
Nike,Leggings,6
Reebok,Shoes,100
Reebok,Socks,2
Adidas,Tracksuit,17
Puma,Socks,3
Reebok,Shirt,31
Adidas,Shoes,103
Adidas,Leggings,8
Puma,Leggings,20
Adidas,Wristband,6
Reebok,Shoes,26
Nike,Wristband,1
Puma,Shoes,86
Reebok,Hoodie,32
FILA,Leggings,23
Puma,Shirt,16
FILA,Wristband,5
Reebok,Tracksuit,47
Adidas,Tracksuit,20
Nike,Socks,4
Adidas,Tracksuit,36
Nike,Tracksuit,42
Puma,Hoodie,56
Adidas,Tracksuit,21
FILA,Tracksuit,41
Reebok,Shirt,24
Adidas,Socks,2
Reebok,Shoes,40
Nike,Tracksuit,32
Reebok,Tracksuit,37
FILA,Shirt,35
FILA,Tracksuit,37
Nike,Shoes,24
Adidas,Wristband,8
Adidas,Shoes,91
Reebok,Shirt,30
Puma,Tracksuit,26
Nike,Tracksuit,39
Reebok,Leggings,22
Puma,Tracksuit,23
Nike,Leggings,13
FILA,Shirt,21
Reebok,Shoes,67
Adidas,Socks,4
Puma,Tracksuit,39
Reebok,Wristband,9
Nike,Wristband,8
FILA,Tracksuit,14
Puma,Tracksuit,37
Puma,Socks,4
Nike,Shoes,82
Reebok,Shoes,104
FILA,Wristband,1
FILA,Leggings,11
Adidas,Socks,3
Adidas,Shoes,91
Nike,Wristband,9
Puma,Wristband,4
Puma,Shirt,37
Nike,Wristband,6
FILA,Shirt,18
Puma,Shoes,118
Nike,Shoes,99
Adidas,Wristband,1
Puma,Shoes,76
Reebok,Shirt,21
Reebok,Socks,3
Adidas,Tracksuit,31
Puma,Socks,3
Puma,Tracksuit,30
Reebok,Socks,5
Nike,Tracksuit,19
Adidas,Leggings,29
Nike,Shirt,22
Adidas,Tracksuit,40
Puma,Wristband,3
FILA,Hoodie,64
FILA,Leggings,15
Puma,Leggings,20
FILA,Shirt,13
Adidas,Socks,3
Nike,Leggings,6
Puma,Leggings,30
Adidas,Wristband,7
Reebok,Wristband,6
Nike,Hoodie,63
Nike,Headband,1
Reebok,Shirt,21
FILA,Tracksuit,45
FILA,Shirt,21
Puma,Shirt,16
FILA,Shirt,26
FILA,Tracksuit,39
FILA,Wristband,5
FILA,Tracksuit,35
Adidas,Shirt,28
Adidas,Shirt,6
FILA,Hoodie,18
FILA,Shirt,16
FILA,Leggings,9
Adidas,Shoes,51
Adidas,Shirt,37
Adidas,Tracksuit,42
Adidas,Wristband,4
Reebok,Socks,2
Puma,Shoes,36
Adidas,Shirt,30
Adidas,Tracksuit,10
Adidas,Wristband,2
Adidas,Wristband,2
Puma,Wristband,8
Puma,Hoodie,52
Puma,Tracksuit,9
Nike,Shoes,88
FILA,Shirt,24
Puma,Socks,5
Puma,Socks,3
Adidas,Shoes,89
Nike,Socks,2
Nike,Wristband,1
Puma,Shoes,28
Puma,Hoodie,65
Adidas,Leggings,30
Adidas,Shirt,28
Nike,Wristband,7
Reebok,Shirt,23
Reebok,Tracksuit,20
Adidas,Socks,2
Reebok,Tracksuit,16
Reebok,Leggings,26
Reebok,Leggings,20
Reebok,Shoes,81
Reebok,Tracksuit,14
Reebok,Shoes,94
Reebok,Leggings,10
Adidas,Tracksuit,26
Nike,Shirt,15
Nike,Socks,5
Adidas,Leggings,13
Puma,Shirt,11
Puma,Shirt,37
Reebok,Shoes,38
Adidas,Shoes,79
FILA,Shirt,29
Adidas,Wristband,8
Reebok,Shoes,29
Reebok,Tracksuit,38
Adidas,Leggings,27
Nike,Headband,6
Puma,Tracksuit,17
Reebok,Leggings,22
Nike,Wristband,2
Nike,Socks,4
Puma,Socks,4
Puma,Leggings,29
FILA,Tracksuit,12
FILA,Socks,4
Puma,Leggings,19
Reebok,Leggings,11
Reebok,Leggings,5
Adidas,Tracksuit,24
Reebok,Tracksuit,33
FILA,Wristband,4
Puma,Shoes,109
Nike,Hoodie,20
FILA,Socks,3
FILA,Socks,2
Nike,Shirt,20
FILA,Wristband,3
Adidas,Shoes,88
FILA,Wristband,5
Nike,Tracksuit,29
Puma,Shoes,106
Adidas,Shoes,77
FILA,Tracksuit,39
FILA,Socks,4
Adidas,Headband,8
Adidas,Hoodie,20
Nike,Leggings,24
Adidas,Wristband,3
Reebok,Tracksuit,24
Nike,Hoodie,31
Puma,Socks,2
FILA,Shoes,63
Nike,Tracksuit,23
Nike,Tracksuit,15
Puma,Shirt,26
Nike,Leggings,27
Reebok,Tracksuit,10
FILA,Tracksuit,25
FILA,Shoes,60
Puma,Tracksuit,46
Puma,Shirt,8
Adidas,Tracksuit,43
Adidas,Shirt,31
Adidas,Shirt,34
Puma,Shoes,48
Adidas,Leggings,28
Nike,Wristband,9
Puma,Wristband,1
Reebok,Leggings,9
Nike,Socks,4
Reebok,Leggings,21
Reebok,Hoodie,51
Reebok,Wristband,9
Puma,Leggings,19
Puma,Wristband,1
FILA,Leggings,10
Reebok,Shirt,7
Adidas,Shirt,33
Nike,Shoes,20
Nike,Socks,3
Reebok,Tracksuit,50
Puma,Socks,5
Reebok,Socks,4
Adidas,Socks,5
Nike,Tracksuit,43
Reebok,Shoes,46
Puma,Shirt,14
Nike,Shirt,9
FILA,Shoes,70
Nike,Shirt,23
Nike,Socks,3
FILA,Leggings,10
Puma,Wristband,5
Puma,Shoes,117
Reebok,Tracksuit,16
Adidas,Shirt,34
FILA,Shoes,23
Puma,Shirt,31
Reebok,Shirt,15
FILA,Shoes,47
Puma,Socks,3
Nike,Leggings,11
FILA,Wristband,1
FILA,Tracksuit,30
Nike,Shoes,73
Nike,Socks,5
FILA,Shoes,88
Adidas,Leggings,25
Adidas,Tracksuit,35
Reebok,Hoodie,54
Adidas,Wristband,7
Reebok,Socks,4
Puma,Leggings,14
Nike,Leggings,15
FILA,Leggings,8
Reebok,Tracksuit,16
FILA,Shoes,70
FILA,Tracksuit,44
Reebok,Shoes,87
FILA,Wristband,1
Puma,Socks,5
Reebok,Leggings,25
FILA,Shoes,25
Reebok,Shirt,40
Adidas,Wristband,5
Reebok,Wristband,3
Nike,Socks,4
Adidas,Shoes,29
Puma,Hoodie,59
FILA,Wristband,3
Adidas,Tracksuit,24
Nike,Leggings,14
Nike,Hoodie,55
FILA,Leggings,25
Puma,Shoes,18
Nike,Socks,2
Adidas,Socks,3
Reebok,Socks,5
FILA,Headband,7
Nike,Leggings,22
Nike,Shirt,17
Reebok,Leggings,15
Adidas,Shoes,79
Reebok,Hoodie,60
Reebok,Shoes,60
FILA,Leggings,26
Puma,Leggings,8
Adidas,Leggings,27
Adidas,Wristband,1
Adidas,Shirt,20
FILA,Wristband,4
Reebok,Shirt,8
Puma,Shoes,109
Nike,Wristband,1
Adidas,Socks,5
Adidas,Shirt,9
FILA,Leggings,30
Nike,Leggings,10
Puma,Shirt,22
Adidas,Wristband,7
FILA,Leggings,12
Reebok,Tracksuit,43
Reebok,Wristband,4
Puma,Tracksuit,15
Adidas,Leggings,11
FILA,Tracksuit,11
Puma,Socks,5
Nike,Shoes,19
Adidas,Tracksuit,39
Adidas,Hoodie,35
Adidas,Shoes,26
FILA,Headband,9
Adidas,Hoodie,80
FILA,Shoes,78
Adidas,Shirt,39
Reebok,Wristband,4
Adidas,Socks,4
Puma,Wristband,8
Adidas,Tracksuit,32
Puma,Shirt,15
Puma,Socks,2
Nike,Socks,2
FILA,Shirt,12
Reebok,Hoodie,33
Puma,Wristband,9
Puma,Socks,2
Nike,Leggings,16
Adidas,Shirt,28
Adidas,Shoes,94
FILA,Shirt,28
FILA,Tracksuit,36
Puma,Socks,2
FILA,Headband,5
Adidas,Tracksuit,27
Adidas,Leggings,13
FILA,Shoes,84
Adidas,Shoes,88
Nike,Shirt,7
Puma,Leggings,25
Nike,Tracksuit,46
Reebok,Wristband,7
FILA,Socks,3
Nike,Shirt,14
FILA,Socks,5
Reebok,Wristband,7
Adidas,Tracksuit,24
Reebok,Shirt,12
Puma,Shirt,32
Nike,Socks,4
Nike,Tracksuit,20
Adidas,Tracksuit,27
Nike,Shoes,103
Nike,Shoes,53
Reebok,Tracksuit,30
Adidas,Socks,5
Nike,Shirt,20
FILA,Tracksuit,32
FILA,Socks,5
Nike,Shirt,11
Reebok,Tracksuit,41
Reebok,Hoodie,72
Reebok,Shoes,60
Adidas,Shirt,34
Reebok,Socks,3
Reebok,Shirt,6
FILA,Shoes,76
Reebok,Socks,5
FILA,Leggings,7
Adidas,Tracksuit,25
Nike,Headband,7
Nike,Leggings,8
Puma,Wristband,5
Reebok,Leggings,12
Puma,Socks,3
Puma,Shirt,36
Reebok,Tracksuit,33
Adidas,Leggings,27
Reebok,Tracksuit,28
FILA,Shoes,76
FILA,Headband,1
Reebok,Socks,4
Nike,Headband,7
FILA,Tracksuit,17
Adidas,Shirt,37
Nike,Tracksuit,22
Reebok,Shirt,38
FILA,Socks,3
Nike,Shoes,32
FILA,Shirt,19
Puma,Hoodie,22
Adidas,Tracksuit,12
Adidas,Tracksuit,21
FILA,Shoes,97
Puma,Wristband,7
Nike,Leggings,21
Reebok,Shirt,28
Nike,Hoodie,66
Adidas,Socks,5
Puma,Socks,3
Puma,Shirt,26
Nike,Shoes,103
Nike,Socks,3
Nike,Shirt,19
FILA,Shirt,31
Reebok,Leggings,9
Adidas,Wristband,2
Puma,Tracksuit,29
Adidas,Socks,4
Nike,Shirt,13
Reebok,Leggings,22
Adidas,Tracksuit,41
Puma,Shirt,31
Adidas,Wristband,7
Puma,Socks,2
Adidas,Headband,9
Puma,Wristband,8
Nike,Wristband,2
Reebok,Shoes,41
FILA,Tracksuit,15
FILA,Hoodie,44
Reebok,Hoodie,41
Adidas,Shoes,61
Reebok,Leggings,10
FILA,Wristband,8
Reebok,Tracksuit,24
Reebok,Tracksuit,39
Reebok,Leggings,25
Reebok,Shoes,100
Nike,Shoes,62
Reebok,Shoes,113
Reebok,Wristband,4
FILA,Tracksuit,46
Puma,Shoes,50
Adidas,Leggings,25
Nike,Shoes,45
Puma,Wristband,6
FILA,Tracksuit,47
Nike,Shirt,40
Nike,Headband,5
FILA,Socks,2
Puma,Hoodie,30
Nike,Leggings,12
Nike,Shirt,21
Nike,Socks,4
FILA,Shoes,37
Adidas,Wristband,6
Reebok,Socks,5
Puma,Tracksuit,31
FILA,Shoes,73
Nike,Wristband,9
FILA,Wristband,9
FILA,Tracksuit,28
FILA,Shoes,56
FILA,Shirt,30
Adidas,Wristband,5
Reebok,Shoes,80
Reebok,Shoes,21
Reebok,Shirt,13
Reebok,Shoes,100
Adidas,Leggings,22
FILA,Tracksuit,19
Puma,Shirt,25
Reebok,Hoodie,35
Adidas,Hoodie,22
Reebok,Shoes,83
FILA,Shoes,102
Puma,Hoodie,46
FILA,Socks,2
Puma,Shirt,8
Puma,Shirt,29
Adidas,Shoes,113
Adidas,Tracksuit,46
Reebok,Shirt,29
Reebok,Tracksuit,9
Reebok,Shirt,16
FILA,Wristband,8
Reebok,Socks,3
Reebok,Shirt,38
Adidas,Leggings,15
FILA,Tracksuit,19
Adidas,Wristband,7
Adidas,Socks,2
FILA,Shoes,21
FILA,Leggings,9
Nike,Socks,5
Nike,Wristband,7
Adidas,Socks,3
Reebok,Tracksuit,32
Puma,Shirt,12
Puma,Headband,7
Nike,Socks,3
FILA,Tracksuit,40
Puma,Tracksuit,26
Puma,Hoodie,51
Reebok,Tracksuit,40
Nike,Headband,4
Puma,Shoes,46
Nike,Tracksuit,18
Nike,Shoes,45
Puma,Shoes,86
Reebok,Shoes,81
Adidas,Shoes,23
Adidas,Tracksuit,24
Nike,Socks,3
Reebok,Headband,2
Adidas,Hoodie,30
FILA,Hoodie,48
Nike,Hoodie,22
Nike,Socks,5
FILA,Shirt,30
Puma,Shirt,14
Nike,Wristband,3
Nike,Shirt,31
Adidas,Shirt,10
Adidas,Shirt,36
FILA,Shirt,7
Adidas,Shirt,24
FILA,Shirt,24
Puma,Socks,4
Adidas,Leggings,16
Puma,Socks,3
Puma,Tracksuit,10
Reebok,Socks,3
Puma,Tracksuit,23
Adidas,Shirt,35
FILA,Leggings,4
Nike,Shirt,10
Nike,Shirt,36
Puma,Shirt,6
Nike,Hoodie,41
Puma,Leggings,24
FILA,Wristband,9
Reebok,Tracksuit,43
Reebok,Leggings,23
FILA,Leggings,14
FILA,Shoes,63
Puma,Shirt,13
Nike,Tracksuit,11
Puma,Hoodie,53
Adidas,Hoodie,33
Reebok,Socks,3
Puma,Socks,2
Reebok,Shoes,72
Reebok,Shoes,30
Reebok,Tracksuit,11
Puma,Wristband,4
Nike,Hoodie,50
Puma,Shirt,33
Reebok,Socks,3
Puma,Shirt,18
Adidas,Wristband,7
FILA,Socks,5
Puma,Tracksuit,14
Reebok,Leggings,12
Puma,Leggings,21
Adidas,Shirt,30
Nike,Leggings,16
Puma,Socks,5
Adidas,Leggings,8
Adidas,Shoes,26
Reebok,Socks,3
FILA,Shirt,22
Reebok,Hoodie,30
Adidas,Tracksuit,30
Reebok,Shoes,51
Puma,Tracksuit,26
Adidas,Hoodie,29
Adidas,Shirt,9
Reebok,Leggings,4
Nike,Leggings,8
Nike,Socks,5
Puma,Shirt,36
Nike,Shoes,57
FILA,Shoes,113
Adidas,Headband,2
Adidas,Shirt,22
Reebok,Wristband,5
Puma,Hoodie,29
Adidas,Tracksuit,10
Reebok,Shirt,24
Adidas,Shirt,17
Reebok,Shoes,116
Reebok,Wristband,1
Reebok,Shirt,36
Reebok,Socks,5
Puma,Leggings,13
Nike,Shirt,23
Puma,Tracksuit,37
Nike,Leggings,10
FILA,Tracksuit,21
Puma,Shoes,61
Nike,Shoes,97
FILA,Tracksuit,13
FILA,Tracksuit,48
FILA,Leggings,8
Reebok,Headband,1
FILA,Shoes,111
Puma,Tracksuit,26
Reebok,Shoes,61
Adidas,Shoes,38
Reebok,Wristband,8
Puma,Wristband,2
FILA,Wristband,6
Adidas,Leggings,16
Puma,Leggings,21
FILA,Leggings,16
FILA,Tracksuit,38
Adidas,Shoes,108
Adidas,Leggings,5
Puma,Leggings,20
Puma,Shoes,26
Adidas,Wristband,4
Nike,Shirt,12
FILA,Wristband,3
Reebok,Tracksuit,33
Reebok,Headband,6
Reebok,Shoes,98
FILA,Tracksuit,27
FILA,Tracksuit,11
Puma,Socks,5
Nike,Tracksuit,20
Adidas,Shoes,111
Adidas,Shoes,115
Nike,Leggings,26
Reebok,Tracksuit,30
Nike,Hoodie,68
Adidas,Socks,4
Adidas,Leggings,14
FILA,Shoes,111
Adidas,Tracksuit,23
Puma,Shirt,33
Puma,Socks,5
Nike,Tracksuit,37
Reebok,Shoes,28
FILA,Wristband,5
Adidas,Socks,3
Puma,Headband,9
Adidas,Hoodie,40
Puma,Shoes,40
Reebok,Leggings,19
Adidas,Hoodie,19
Adidas,Shoes,73
Reebok,Socks,2
Reebok,Shirt,36
Nike,Leggings,28
Reebok,Leggings,10
Reebok,Socks,4
Adidas,Socks,2
Reebok,Wristband,1
FILA,Shoes,67
Puma,Wristband,9
Puma,Tracksuit,27
Reebok,Socks,2
Nike,Shirt,25
Adidas,Leggings,29
Puma,Leggings,13
FILA,Shoes,66
Nike,Wristband,3
FILA,Shirt,24
Adidas,Tracksuit,41
Adidas,Shoes,107
Reebok,Tracksuit,11
Nike,Tracksuit,27
Nike,Leggings,23
Puma,Tracksuit,24
Nike,Shirt,21
Nike,Shoes,90
Reebok,Shirt,13
FILA,Shoes,42
Adidas,Leggings,8
Puma,Wristband,6
Reebok,Tracksuit,25
Nike,Shirt,34
Reebok,Hoodie,33
Nike,Tracksuit,44
Nike,Wristband,9
FILA,Shoes,16
FILA,Tracksuit,34
Adidas,Shoes,16
Adidas,Wristband,8
Adidas,Shirt,12
Adidas,Shirt,22
Nike,Leggings,9
Puma,Wristband,5
Reebok,Wristband,5
Reebok,Shirt,16
FILA,Shirt,18
Reebok,Shirt,36
Nike,Socks,5
Reebok,Shirt,15
Adidas,Tracksuit,26
Nike,Tracksuit,47
Puma,Shoes,110
Reebok,Shoes,84
Reebok,Socks,5
Nike,Shoes,43
Reebok,Shirt,11
Adidas,Shoes,29
Adidas,Shirt,27
Puma,Wristband,1
Reebok,Shoes,82
Nike,Wristband,3
Adidas,Shirt,23
Nike,Tracksuit,23
Reebok,Shirt,10
Adidas,Shoes,97
FILA,Headband,4
Reebok,Leggings,12
Adidas,Wristband,9
Nike,Tracksuit,37
Nike,Shoes,118
Reebok,Tracksuit,39
Nike,Tracksuit,42
Adidas,Leggings,17
Nike,Headband,7
Reebok,Socks,2
Adidas,Leggings,25
Nike,Hoodie,60
Adidas,Wristband,8
Adidas,Wristband,7
Puma,Socks,3
Nike,Socks,2
Adidas,Shoes,19
Reebok,Shirt,29
Reebok,Tracksuit,46
Puma,Socks,5
Puma,Shoes,24
FILA,Tracksuit,44
Nike,Shoes,25
Nike,Leggings,20
FILA,Shoes,97
FILA,Socks,2
Reebok,Hoodie,56
Reebok,Leggings,9
FILA,Shirt,33
Puma,Tracksuit,32
Adidas,Tracksuit,13
FILA,Shoes,73
FILA,Headband,7
Puma,Shirt,18
Nike,Tracksuit,38
Nike,Socks,5
Reebok,Wristband,6
Nike,Shoes,100
Nike,Shoes,108
Reebok,Shoes,17
Adidas,Shoes,73
Reebok,Shoes,36
FILA,Socks,3
Nike,Tracksuit,21
Nike,Leggings,14
Puma,Wristband,7
Adidas,Socks,3
Puma,Tracksuit,32
Adidas,Shoes,91
FILA,Wristband,2
Nike,Shoes,89
Adidas,Leggings,24
FILA,Socks,5
Adidas,Shirt,40
Puma,Hoodie,43
Nike,Shoes,82
Puma,Hoodie,70
Reebok,Socks,2
Adidas,Shirt,20
Nike,Shirt,33
Reebok,Leggings,18
Nike,Wristband,6
Reebok,Shoes,26
Adidas,Shoes,67
Reebok,Shirt,33
Nike,Wristband,1
Reebok,Shirt,23
Adidas,Tracksuit,9
Puma,Shoes,111
Puma,Shoes,33
FILA,Wristband,5
FILA,Tracksuit,16
Adidas,Socks,3
FILA,Shirt,17
Nike,Shoes,116
Adidas,Shirt,26
Nike,Socks,3
Nike,Socks,5
Puma,Shoes,22
Nike,Shirt,16
Adidas,Tracksuit,11
FILA,Tracksuit,32
Reebok,Shirt,8
Adidas,Shoes,98
Puma,Tracksuit,17
Nike,Wristband,8
Nike,Leggings,10
Nike,Socks,3
Reebok,Leggings,23
Nike,Shirt,23
Adidas,Socks,3
Adidas,Tracksuit,12
Reebok,Tracksuit,17
FILA,Shoes,79
Puma,Shoes,67
Nike,Shirt,11
Reebok,Tracksuit,48
Adidas,Leggings,5
FILA,Wristband,2
Puma,Shirt,37
Reebok,Shoes,103
FILA,Shoes,108
Reebok,Tracksuit,16
FILA,Leggings,14
Reebok,Wristband,2
Puma,Shirt,27
Nike,Shoes,84
Adidas,Leggings,16
Nike,Headband,9
Puma,Tracksuit,49
Nike,Shirt,14
Reebok,Hoodie,32
FILA,Leggings,15
FILA,Shirt,21
FILA,Socks,5
FILA,Shirt,16
Puma,Socks,4
Reebok,Tracksuit,35
Reebok,Leggings,9
Adidas,Wristband,6
FILA,Hoodie,70
Adidas,Socks,2
Reebok,Socks,5
Nike,Socks,5
Reebok,Leggings,15
Reebok,Shoes,66
Nike,Shirt,8
Reebok,Leggings,8
Reebok,Hoodie,54
Adidas,Shoes,68
Puma,Socks,3
Reebok,Shirt,14
Adidas,Socks,4
Nike,Shirt,40
Nike,Headband,8
Nike,Headband,4
Reebok,Leggings,5
Nike,Leggings,25
Puma,Shirt,7
FILA,Tracksuit,12
Nike,Shoes,108
Puma,Leggings,24
Adidas,Leggings,13
FILA,Tracksuit,16
Reebok,Wristband,8
Puma,Headband,3
Puma,Tracksuit,12
Puma,Shoes,21
Nike,Tracksuit,40
Nike,Shoes,55
Puma,Socks,3
FILA,Wristband,4
FILA,Headband,3
Reebok,Shoes,58
Puma,Shirt,17
Reebok,Shoes,33
Nike,Wristband,6
Reebok,Headband,6
Nike,Shoes,39
Adidas,Shirt,26
Nike,Leggings,16
FILA,Shoes,54
Adidas,Wristband,5
FILA,Shirt,10
Nike,Shoes,53
FILA,Shoes,29
Reebok,Shoes,88
Puma,Leggings,14
Nike,Headband,4
Nike,Shoes,25
Nike,Tracksuit,22
Nike,Tracksuit,18
FILA,Shoes,40
Reebok,Tracksuit,45
Reebok,Leggings,22
FILA,Socks,2
FILA,Leggings,18
FILA,Tracksuit,32
FILA,Tracksuit,18
Reebok,Shirt,28
FILA,Wristband,7
Nike,Shoes,61
Reebok,Hoodie,80
Puma,Leggings,24
Puma,Hoodie,64
Puma,Shirt,10
Puma,Shirt,37
Reebok,Hoodie,43
Nike,Shoes,52
Reebok,Shoes,66
FILA,Shoes,50
FILA,Leggings,29
Adidas,Leggings,28
Nike,Tracksuit,34
Adidas,Socks,3
Adidas,Shirt,32
Adidas,Shoes,16
Reebok,Shirt,34
Adidas,Shirt,26
FILA,Shoes,56
Puma,Shoes,109
FILA,Wristband,3
Adidas,Leggings,23
Puma,Socks,4
Nike,Wristband,8
Reebok,Shirt,36
Reebok,Shirt,28
Adidas,Shoes,42
Adidas,Shirt,7
FILA,Wristband,6
Reebok,Socks,4
Adidas,Hoodie,78
Reebok,Hoodie,21
Adidas,Headband,8
Reebok,Hoodie,49
Nike,Leggings,29
Puma,Tracksuit,14
Adidas,Shoes,108
FILA,Tracksuit,27
Nike,Shoes,94
Reebok,Shirt,20
Puma,Shoes,48
Reebok,Shirt,20
Adidas,Socks,5
Nike,Shoes,29
Nike,Leggings,19
Nike,Tracksuit,49
FILA,Shoes,27
Adidas,Shirt,20
Nike,Shirt,35
FILA,Leggings,28
Nike,Shirt,23
Reebok,Shirt,27
Adidas,Socks,4
Nike,Hoodie,45
Puma,Wristband,4
Adidas,Wristband,2
Puma,Socks,2
Reebok,Socks,2
Nike,Leggings,29
Nike,Leggings,4
FILA,Hoodie,57
FILA,Hoodie,45
Adidas,Shirt,25
FILA,Socks,2
Nike,Shoes,100
FILA,Tracksuit,35
Reebok,Socks,2
Adidas,Tracksuit,16
FILA,Shirt,14
Nike,Shoes,40
Nike,Shoes,64
Adidas,Wristband,6
FILA,Headband,6
Reebok,Shoes,43
FILA,Headband,3
Puma,Shoes,46
Puma,Shirt,38
Puma,Socks,3
Puma,Shoes,20
Adidas,Leggings,17
Nike,Leggings,26
Puma,Wristband,4
Nike,Shirt,39
Nike,Shoes,52
Nike,Leggings,18
FILA,Tracksuit,31
Nike,Shirt,21
FILA,Tracksuit,46
Adidas,Socks,2
FILA,Shirt,18
FILA,Wristband,6
Adidas,Shirt,15
Nike,Leggings,28
FILA,Shirt,16
Adidas,Hoodie,40
Puma,Leggings,28
FILA,Wristband,4
Reebok,Leggings,11
Puma,Socks,2
Reebok,Wristband,8
FILA,Socks,4
Puma,Shoes,102
Reebok,Wristband,9
Reebok,Shirt,40
Puma,Shirt,24
Puma,Leggings,20
Reebok,Shoes,24
Nike,Shirt,27
Puma,Hoodie,63
Puma,Leggings,30
FILA,Leggings,7
FILA,Shoes,57
Adidas,Socks,3
Reebok,Headband,9
Nike,Shoes,67
Adidas,Shirt,32
Nike,Shoes,77
FILA,Hoodie,17
Nike,Hoodie,46
Puma,Tracksuit,43
FILA,Hoodie,41
Nike,Wristband,5
Nike,Shirt,32
FILA,Tracksuit,14
Reebok,Shoes,74
Nike,Leggings,21
Adidas,Shoes,97
FILA,Shoes,19
Nike,Shoes,53
FILA,Shoes,73
Adidas,Shoes,30
Adidas,Hoodie,49
Puma,Shoes,25
Adidas,Shirt,22
Puma,Shirt,23
Adidas,Headband,9
Reebok,Leggings,10
Nike,Shirt,32
Puma,Tracksuit,30
FILA,Leggings,21
FILA,Shirt,19
Reebok,Wristband,4
Reebok,Tracksuit,49
Puma,Wristband,9
Puma,Wristband,9
Puma,Shirt,21
Reebok,Socks,5
Reebok,Tracksuit,35
Nike,Wristband,8
Reebok,Shirt,39
Nike,Headband,5
FILA,Tracksuit,30
Puma,Wristband,5
Reebok,Shoes,112
Puma,Shoes,103
FILA,Leggings,9
FILA,Shirt,38
Nike,Wristband,6
Puma,Shoes,34
Nike,Shirt,35
Nike,Leggings,29
FILA,Socks,5
Nike,Wristband,9
FILA,Shirt,37
FILA,Shirt,15
Adidas,Socks,5
FILA,Wristband,1
FILA,Shoes,47
Puma,Socks,4
Nike,Shoes,27
Puma,Tracksuit,47
Nike,Shoes,115
Reebok,Wristband,9
Adidas,Hoodie,26
Nike,Socks,3
Nike,Shirt,17
FILA,Tracksuit,14
Puma,Tracksuit,28
Adidas,Leggings,8
Puma,Shirt,29
FILA,Leggings,22
Reebok,Leggings,6
Nike,Tracksuit,19
Adidas,Shoes,22
Puma,Shoes,62
Nike,Shoes,80
Reebok,Headband,4
Puma,Headband,3
Reebok,Shirt,39
Puma,Headband,5
Adidas,Shirt,9
FILA,Leggings,30
Reebok,Shirt,12
Nike,Wristband,3
Puma,Socks,5
Nike,Shoes,118
Nike,Tracksuit,28
FILA,Tracksuit,15
FILA,Socks,5
Puma,Socks,3
Puma,Leggings,18
Adidas,Shoes,106
FILA,Hoodie,27
Nike,Tracksuit,15
Puma,Wristband,9
Reebok,Hoodie,33
Nike,Shirt,19
Nike,Shirt,12
Adidas,Leggings,26
Puma,Hoodie,50
Reebok,Shirt,22
Reebok,Leggings,30
Nike,Shirt,18
FILA,Wristband,8
Adidas,Shoes,16
Puma,Shoes,48
FILA,Tracksuit,50
Adidas,Tracksuit,24
Puma,Tracksuit,12
Puma,Shirt,34
Nike,Wristband,2
Adidas,Tracksuit,22
Puma,Leggings,25
Nike,Leggings,13
Adidas,Shirt,30
FILA,Tracksuit,38
Reebok,Wristband,5
Nike,Hoodie,80
Puma,Shirt,34
Adidas,Shoes,30
FILA,Shoes,83
Adidas,Shoes,18
Nike,Shoes,90
Reebok,Shoes,15
Puma,Hoodie,24
FILA,Leggings,15
Nike,Tracksuit,32
Reebok,Wristband,3
Puma,Shirt,40
FILA,Socks,5
Puma,Leggings,18
FILA,Shirt,37
Adidas,Leggings,10
Adidas,Socks,3
Puma,Leggings,8
Reebok,Hoodie,36
Nike,Shoes,110
Reebok,Wristband,9
Adidas,Tracksuit,9
Adidas,Headband,7
Puma,Tracksuit,23
Adidas,Tracksuit,10
FILA,Socks,2
Nike,Shirt,35
Adidas,Shirt,7
Nike,Shoes,59
Puma,Shoes,89
Nike,Shirt,20
Nike,Shoes,80
Nike,Hoodie,73
Nike,Socks,3
Adidas,Leggings,15
FILA,Headband,6
Reebok,Tracksuit,20
FILA,Hoodie,72
Puma,Hoodie,66
FILA,Tracksuit,34
Puma,Shoes,31
Nike,Tracksuit,34
Puma,Tracksuit,33
Reebok,Tracksuit,39
FILA,Shirt,27
Adidas,Shoes,63
Reebok,Socks,2
FILA,Headband,9
Adidas,Shoes,92
Nike,Shoes,28
FILA,Wristband,3
Nike,Leggings,12
FILA,Shoes,27
FILA,Socks,3
Reebok,Shirt,7
Puma,Leggings,29
Adidas,Hoodie,20
FILA,Wristband,9
Reebok,Socks,3
Nike,Wristband,1
FILA,Shoes,112
FILA,Tracksuit,12
Reebok,Headband,2
Nike,Socks,3
Adidas,Hoodie,30
Puma,Leggings,20
FILA,Shirt,35
Reebok,Shoes,61
Adidas,Headband,7
Adidas,Hoodie,48
Nike,Shoes,54
Nike,Wristband,4
Adidas,Socks,4
Puma,Tracksuit,13
Puma,Shirt,27
Reebok,Tracksuit,18
Reebok,Shirt,10
Puma,Headband,9
Adidas,Tracksuit,49
Reebok,Shoes,51
Puma,Shirt,25
Reebok,Shirt,13
Puma,Tracksuit,11
Reebok,Shoes,111
Reebok,Shirt,36
Puma,Tracksuit,17
Adidas,Tracksuit,43
Puma,Wristband,8
Nike,Socks,3
Puma,Socks,2
Nike,Wristband,9
Adidas,Shoes,51
FILA,Shirt,14
Nike,Hoodie,80
Nike,Hoodie,43
Puma,Leggings,30
Nike,Tracksuit,43
Reebok,Leggings,20
Adidas,Socks,4
Adidas,Tracksuit,33
FILA,Leggings,9
Nike,Socks,5
Nike,Shirt,34
Reebok,Shoes,28
FILA,Shirt,22
Puma,Socks,3
Nike,Socks,5
FILA,Wristband,1
Puma,Shoes,76
Reebok,Leggings,4
Puma,Tracksuit,42
Puma,Shirt,35
Puma,Hoodie,59
Reebok,Shoes,72
Puma,Hoodie,69
Nike,Socks,4
Puma,Socks,4
Adidas,Shirt,33
FILA,Shoes,104
Puma,Headband,3
Puma,Tracksuit,9
FILA,Shoes,61
Nike,Shirt,36
Reebok,Hoodie,74
Adidas,Shoes,105
Adidas,Socks,2
Reebok,Tracksuit,43
Puma,Hoodie,30
Adidas,Socks,2
Reebok,Leggings,13
FILA,Shirt,10
Puma,Shirt,34
FILA,Tracksuit,31
Adidas,Shirt,29
Reebok,Leggings,26
Adidas,Shoes,92
FILA,Shoes,79
Adidas,Tracksuit,40
Reebok,Socks,5
Reebok,Socks,2
Nike,Hoodie,31
Reebok,Shirt,22
Nike,Socks,4
Reebok,Wristband,5
Nike,Leggings,23
Reebok,Tracksuit,27
Nike,Shirt,16
FILA,Tracksuit,46
Puma,Tracksuit,32
Puma,Wristband,9
Reebok,Shirt,25
Puma,Wristband,2
Puma,Socks,4
FILA,Shirt,19
Nike,Tracksuit,28
Reebok,Tracksuit,18
Nike,Tracksuit,28
FILA,Shoes,45
Adidas,Shirt,33
Reebok,Shirt,22
FILA,Headband,8
FILA,Leggings,7
Reebok,Socks,3
Reebok,Shoes,114
Reebok,Shirt,27
Adidas,Shirt,22
Nike,Shirt,38
FILA,Wristband,5
Adidas,Shirt,10
Puma,Tracksuit,31
Adidas,Hoodie,80
Puma,Socks,2
Adidas,Tracksuit,35
Adidas,Hoodie,19
Adidas,Leggings,30
Puma,Leggings,15
Reebok,Socks,2
FILA,Wristband,1
Reebok,Shirt,17
Nike,Socks,3
Reebok,Tracksuit,49
FILA,Leggings,11
Puma,Tracksuit,34
Reebok,Socks,5
Adidas,Shoes,49
Nike,Shoes,71
Reebok,Shoes,116
Reebok,Socks,3
Adidas,Tracksuit,46
Puma,Shoes,106
Adidas,Wristband,1
Reebok,Leggings,25
Nike,Shirt,19
Reebok,Shoes,53
Puma,Hoodie,75
Puma,Hoodie,60
FILA,Shirt,14
Nike,Wristband,2
Puma,Tracksuit,42
Puma,Shoes,111
Reebok,Hoodie,49
Reebok,Socks,4
Nike,Leggings,20
FILA,Shirt,20
FILA,Leggings,15
Puma,Wristband,2
Puma,Tracksuit,25
FILA,Wristband,2
Nike,Leggings,12
Puma,Tracksuit,23
Reebok,Leggings,8
Adidas,Wristband,5
Adidas,Socks,5
Reebok,Socks,3
Puma,Wristband,7
Nike,Shirt,21
Reebok,Shoes,28
Adidas,Shoes,44
Nike,Socks,5
Adidas,Socks,4
Reebok,Shoes,67
Nike,Shoes,22
Adidas,Headband,8
Reebok,Socks,5
Puma,Wristband,7
Nike,Wristband,6
Puma,Wristband,5
Puma,Shoes,86
Nike,Shoes,43
Reebok,Shirt,30
Reebok,Wristband,8
Adidas,Shoes,78
Adidas,Socks,5
Adidas,Socks,5
Reebok,Leggings,7
Adidas,Shoes,75
FILA,Shirt,37
Nike,Tracksuit,32
Puma,Shoes,33
FILA,Socks,3
Puma,Leggings,14
Puma,Shirt,19
Reebok,Shoes,49
Adidas,Shirt,36
Nike,Headband,9
Reebok,Shoes,21
Nike,Leggings,9
Nike,Leggings,9
Puma,Wristband,1
Puma,Shoes,92
Nike,Hoodie,62
FILA,Tracksuit,49
FILA,Socks,3
FILA,Socks,5
Nike,Tracksuit,30
Puma,Shoes,105
FILA,Hoodie,33
Reebok,Socks,5
Nike,Shirt,6
FILA,Tracksuit,10
Puma,Leggings,30
Adidas,Leggings,5
Puma,Hoodie,71
Adidas,Socks,5
Nike,Shoes,103
Adidas,Hoodie,32
Puma,Hoodie,31
Reebok,Leggings,26
FILA,Shoes,43
Adidas,Headband,5
FILA,Hoodie,52
Reebok,Leggings,5
Reebok,Shirt,36
Adidas,Tracksuit,47
Reebok,Shoes,116
Nike,Leggings,26
Adidas,Leggings,14
Puma,Wristband,5
Reebok,Tracksuit,28
Adidas,Shirt,13
Puma,Wristband,9
Reebok,Shirt,40
Reebok,Wristband,7
Adidas,Shirt,27
Reebok,Wristband,8
Puma,Shirt,29
Puma,Socks,5
Adidas,Hoodie,39
Nike,Socks,2
Puma,Shoes,38
FILA,Shoes,15
Puma,Shirt,25
Reebok,Shoes,45
FILA,Leggings,13
Nike,Leggings,23
Puma,Leggings,20
Puma,Shoes,52
Nike,Hoodie,48
Nike,Tracksuit,24
Reebok,Socks,4
FILA,Wristband,7
Adidas,Shoes,114
FILA,Leggings,16
FILA,Leggings,29
Reebok,Hoodie,64
Nike,Socks,4
FILA,Shirt,38
Puma,Wristband,5
Adidas,Shirt,40
Puma,Leggings,19
Nike,Hoodie,80
FILA,Shoes,108
Nike,Socks,4
Adidas,Shirt,32
FILA,Shirt,22
Adidas,Leggings,6
Reebok,Tracksuit,9
Nike,Tracksuit,23
Reebok,Tracksuit,21
Puma,Wristband,2
Puma,Shoes,60
Reebok,Shoes,65
Adidas,Shirt,38
FILA,Shirt,32
FILA,Shoes,88
Adidas,Leggings,7
Nike,Leggings,12
Puma,Wristband,6
Reebok,Tracksuit,30
Puma,Shoes,25
Nike,Shoes,112
Puma,Hoodie,24
FILA,Leggings,16
Puma,Wristband,2
Puma,Headband,8
Nike,Socks,5
Adidas,Headband,1
Adidas,Shoes,40
Reebok,Tracksuit,10
Nike,Shirt,35
Nike,Wristband,4
FILA,Tracksuit,13
Adidas,Tracksuit,22
Reebok,Wristband,9
FILA,Shoes,69
Reebok,Shoes,26
Reebok,Socks,3
Nike,Leggings,17
Nike,Leggings,16
Reebok,Wristband,5
Adidas,Tracksuit,27
Nike,Shirt,12
FILA,Socks,4
Adidas,Shirt,33
Nike,Shoes,56
FILA,Leggings,15
FILA,Headband,9
Adidas,Headband,7
Puma,Socks,4
Adidas,Shoes,89
Adidas,Tracksuit,19
Puma,Wristband,6
Adidas,Shoes,77
Adidas,Socks,3
Reebok,Hoodie,40
Reebok,Shoes,73
FILA,Socks,5
Nike,Shoes,22
Reebok,Shirt,28
Puma,Wristband,5
Puma,Leggings,27
Nike,Shirt,20
Nike,Socks,5
Puma,Shoes,59
Reebok,Tracksuit,19
Puma,Shoes,37
Nike,Wristband,1
Puma,Headband,9
Nike,Hoodie,32
Nike,Shirt,9
Nike,Headband,2
Reebok,Wristband,2
Reebok,Hoodie,79
Puma,Shirt,31
FILA,Shirt,29
FILA,Hoodie,17
Puma,Wristband,6
Reebok,Headband,4
Reebok,Socks,4
Puma,Shirt,14
Nike,Tracksuit,12
FILA,Shirt,20
FILA,Socks,2
Puma,Socks,3
Nike,Shoes,20
FILA,Socks,5
Adidas,Shirt,28
Nike,Wristband,9
Nike,Leggings,14
Nike,Headband,4
Puma,Hoodie,65
Adidas,Shirt,17
Nike,Shoes,120
Adidas,Leggings,27
Reebok,Headband,2
Puma,Shirt,38
Adidas,Leggings,22
FILA,Socks,3
Puma,Hoodie,29
Puma,Shirt,23
Reebok,Wristband,5
Reebok,Headband,4
Reebok,Socks,5
Nike,Socks,2
Puma,Shirt,39
Nike,Socks,5
Nike,Hoodie,54
Adidas,Tracksuit,40
Adidas,Leggings,22
FILA,Leggings,22
Reebok,Shirt,34
Nike,Leggings,4
Reebok,Shirt,26
Adidas,Tracksuit,14
Adidas,Wristband,5
Reebok,Headband,9
Nike,Socks,2
Nike,Tracksuit,48
Reebok,Hoodie,41
Puma,Shoes,80
Nike,Shoes,57
FILA,Socks,4
Puma,Wristband,7
Adidas,Socks,4
Adidas,Hoodie,32
Nike,Leggings,27
Puma,Shirt,10
Puma,Shoes,22
Reebok,Tracksuit,26
Adidas,Hoodie,72
Adidas,Leggings,26
FILA,Wristband,9
Puma,Socks,3
Reebok,Shoes,91
Reebok,Shirt,10
Reebok,Leggings,5
FILA,Shoes,118
FILA,Shoes,54
Reebok,Wristband,3
Reebok,Shoes,46
Nike,Shirt,37
Reebok,Shirt,38
FILA,Shirt,25
Adidas,Shirt,23
Puma,Headband,8
Adidas,Shoes,111
FILA,Socks,4
Puma,Tracksuit,46
Nike,Tracksuit,33
Nike,Socks,4
Puma,Shoes,42
Adidas,Shirt,22
FILA,Hoodie,15
Nike,Shoes,31
Puma,Headband,2
Adidas,Shirt,27
Reebok,Socks,4
Reebok,Tracksuit,44
Reebok,Socks,4
Reebok,Hoodie,47
Reebok,Shirt,27
FILA,Shoes,98
Nike,Tracksuit,27
Reebok,Shirt,29
FILA,Leggings,4
Nike,Shoes,50
Puma,Shirt,8
FILA,Headband,7
Adidas,Leggings,12
Adidas,Hoodie,80
FILA,Tracksuit,9
Puma,Shirt,10
Reebok,Tracksuit,16
Adidas,Leggings,21
FILA,Socks,5
Reebok,Wristband,8
Puma,Headband,3
Nike,Tracksuit,10
Puma,Headband,2
Nike,Shoes,43
Adidas,Shoes,71
Puma,Socks,5
Reebok,Shirt,37
FILA,Socks,4
Adidas,Shoes,81
FILA,Shirt,20
Puma,Tracksuit,47
Reebok,Shirt,28
Reebok,Shoes,36
Adidas,Shoes,78
Puma,Hoodie,78
Puma,Leggings,17
Nike,Socks,5
Adidas,Shoes,111
Reebok,Shoes,75
Puma,Shoes,51
Reebok,Shoes,84
Reebok,Shoes,52
FILA,Shirt,21
FILA,Hoodie,45
Nike,Shirt,20
Adidas,Shoes,34
Puma,Socks,3
Nike,Tracksuit,29
FILA,Shirt,22
Reebok,Hoodie,52
FILA,Headband,3
Nike,Leggings,27
Nike,Wristband,6
Puma,Wristband,2
Reebok,Socks,5
Adidas,Socks,3
Puma,Leggings,16
Puma,Socks,3
Puma,Leggings,11
Reebok,Socks,5
Puma,Wristband,3
Adidas,Socks,2
Reebok,Wristband,4
FILA,Socks,5
FILA,Shoes,107
Nike,Leggings,18
Nike,Wristband,7
Reebok,Tracksuit,28
Adidas,Shoes,107
FILA,Headband,3
Reebok,Headband,3
Nike,Headband,7
Adidas,Socks,5
Adidas,Leggings,8
FILA,Leggings,18
Nike,Leggings,24
Adidas,Shirt,39
Adidas,Shoes,61
FILA,Shirt,37
Puma,Hoodie,75
Nike,Shoes,16
Nike,Tracksuit,18
FILA,Shoes,15
Nike,Leggings,22
Puma,Shirt,32
Puma,Shirt,17
Puma,Shirt,7
FILA,Shoes,49
Reebok,Shirt,30
Puma,Leggings,6
FILA,Socks,3
Reebok,Leggings,11
Reebok,Shoes,58
Nike,Shoes,96
Adidas,Shoes,68
Reebok,Shirt,7
Adidas,Socks,5
Reebok,Headband,4
Adidas,Shoes,88
Nike,Headband,5
Nike,Tracksuit,20
Puma,Shirt,22
Nike,Shirt,39
Puma,Hoodie,48
Puma,Shirt,14
Puma,Headband,1
Adidas,Socks,5
FILA,Tracksuit,34
FILA,Socks,2
Reebok,Leggings,26
Nike,Shirt,24
Reebok,Shirt,35
Reebok,Headband,8
FILA,Shoes,26
Nike,Hoodie,48
Puma,Wristband,2
Puma,Shoes,51
Nike,Tracksuit,39
FILA,Shirt,18
FILA,Shirt,29
Nike,Tracksuit,15
Nike,Wristband,2
Nike,Socks,2
FILA,Hoodie,56
Reebok,Socks,2
Nike,Hoodie,51
Adidas,Leggings,11
Adidas,Shoes,23
Reebok,Socks,3
Reebok,Tracksuit,14
Adidas,Socks,2
Reebok,Wristband,3
FILA,Wristband,2
Reebok,Leggings,22
Reebok,Socks,2
Reebok,Leggings,9
Nike,Socks,4
FILA,Hoodie,30
Adidas,Tracksuit,37
Nike,Socks,3
FILA,Shirt,37
Adidas,Shoes,116
Nike,Shoes,45
Puma,Tracksuit,27
Reebok,Shirt,21
Puma,Leggings,4
FILA,Leggings,12
FILA,Tracksuit,9
Nike,Socks,4
Reebok,Shoes,97
Adidas,Shoes,49
FILA,Leggings,4
Reebok,Leggings,6
Puma,Leggings,20
Puma,Wristband,8
Adidas,Leggings,28
Reebok,Tracksuit,27
FILA,Wristband,8
FILA,Shoes,50
Adidas,Shoes,21
Reebok,Leggings,23
FILA,Leggings,10
Nike,Leggings,17
Reebok,Leggings,7
Reebok,Shirt,30
Nike,Wristband,3
Nike,Wristband,9
Adidas,Shirt,9
Puma,Hoodie,72
Adidas,Shirt,24
FILA,Shirt,16
Nike,Tracksuit,35
Adidas,Wristband,7
FILA,Wristband,1
Nike,Headband,3
Reebok,Leggings,30
FILA,Wristband,6
Adidas,Shoes,53
Nike,Shirt,31
Nike,Shoes,52
Puma,Leggings,16
Adidas,Wristband,5
Puma,Socks,4
Nike,Hoodie,47
Adidas,Wristband,6
Reebok,Shirt,31
FILA,Wristband,7
Nike,Shirt,11
Nike,Wristband,5
FILA,Shirt,37
Puma,Leggings,7
Adidas,Headband,5
Nike,Shoes,20
Puma,Shirt,7
Puma,Shirt,18
Nike,Shoes,39
Reebok,Tracksuit,45
Adidas,Shirt,11
Adidas,Shirt,25
Puma,Wristband,6
Puma,Wristband,9
Nike,Tracksuit,10
Nike,Leggings,25
Puma,Socks,3
FILA,Leggings,23
Puma,Tracksuit,26
Adidas,Headband,5
FILA,Shirt,14
Reebok,Leggings,8
Puma,Tracksuit,26
FILA,Shirt,11
FILA,Headband,2
Reebok,Shirt,12
Nike,Shoes,37
Nike,Shirt,25
Reebok,Tracksuit,25
Adidas,Tracksuit,15
Adidas,Shirt,21
Reebok,Shirt,29
Reebok,Shoes,45
FILA,Tracksuit,48
FILA,Tracksuit,12
Nike,Leggings,27
Adidas,Hoodie,41
Adidas,Wristband,9
FILA,Shoes,38
Puma,Shirt,22
Nike,Hoodie,60
Adidas,Tracksuit,24
Adidas,Socks,2
Nike,Tracksuit,22
Reebok,Shoes,56
Puma,Shoes,57
Puma,Shoes,78
Puma,Socks,5
Nike,Socks,2
FILA,Shoes,78
Adidas,Socks,4
Nike,Headband,1
Nike,Shirt,30
Adidas,Shoes,51
Adidas,Tracksuit,9
FILA,Shirt,35
Nike,Socks,3
Nike,Shoes,83
Puma,Wristband,9
FILA,Shoes,56
Adidas,Wristband,4
Adidas,Wristband,6
Puma,Leggings,8
Nike,Shoes,56
Puma,Hoodie,79
Reebok,Wristband,4
Reebok,Tracksuit,9
Reebok,Wristband,8
Reebok,Shoes,69
Nike,Leggings,26
Adidas,Tracksuit,50
Nike,Shoes,59
Adidas,Leggings,5
Puma,Shoes,47
Reebok,Headband,7
Puma,Tracksuit,18
Reebok,Tracksuit,26
FILA,Shirt,8
Reebok,Shoes,41
Adidas,Shoes,87
Reebok,Hoodie,29
FILA,Shoes,22
Reebok,Leggings,10
FILA,Socks,2
Nike,Shirt,15
FILA,Tracksuit,25
Nike,Shirt,19
FILA,Wristband,5
FILA,Tracksuit,40
Nike,Tracksuit,39
Reebok,Tracksuit,15
Adidas,Leggings,18
FILA,Shoes,114
FILA,Tracksuit,26
Adidas,Shoes,69
Adidas,Wristband,5
FILA,Socks,5
FILA,Tracksuit,11
Adidas,Shoes,54
Reebok,Socks,3
Puma,Shirt,39
Puma,Tracksuit,22
Nike,Shirt,36
Nike,Wristband,9
Adidas,Shirt,10
Puma,Tracksuit,50
Reebok,Wristband,8
Nike,Hoodie,18
Adidas,Tracksuit,47
Puma,Shirt,13
Reebok,Shirt,11
Nike,Wristband,9
FILA,Shoes,68
FILA,Tracksuit,20
FILA,Shoes,19
Puma,Shoes,74
Puma,Socks,3
Puma,Headband,9
Puma,Shoes,35
FILA,Wristband,2
Reebok,Socks,3
FILA,Shoes,84
Reebok,Shirt,26
Puma,Shirt,22
Puma,Hoodie,65
Puma,Hoodie,60
FILA,Tracksuit,37
Adidas,Wristband,5
Reebok,Hoodie,62
Reebok,Shirt,26
Puma,Tracksuit,30
FILA,Socks,3
FILA,Socks,3
Puma,Shoes,43
FILA,Shirt,35
Puma,Hoodie,78
Puma,Shoes,57
Reebok,Shoes,83
Adidas,Leggings,16
Adidas,Wristband,5
Reebok,Hoodie,31
Nike,Shoes,81
Nike,Leggings,6
Puma,Shoes,111
Nike,Shirt,10
Nike,Socks,4
Nike,Shoes,106
Reebok,Leggings,7
Reebok,Tracksuit,33
FILA,Headband,7
Adidas,Shoes,87
Puma,Tracksuit,36
Puma,Shoes,104
Adidas,Leggings,22
Adidas,Wristband,9
Adidas,Leggings,18
Reebok,Tracksuit,28
Puma,Shirt,40
Adidas,Socks,5
Reebok,Shirt,39
Adidas,Wristband,8
Puma,Wristband,5
Reebok,Shoes,42
Adidas,Socks,3
FILA,Leggings,10
Nike,Socks,3
Puma,Tracksuit,21
Adidas,Wristband,8
Puma,Tracksuit,34
Adidas,Hoodie,23
Puma,Socks,2
Reebok,Shoes,59
FILA,Shoes,24
Nike,Shoes,56
FILA,Shirt,36
Puma,Shoes,78
Nike,Socks,4
Nike,Wristband,6
Nike,Wristband,9
Puma,Tracksuit,49
Adidas,Tracksuit,50
Reebok,Socks,3
FILA,Tracksuit,36
Reebok,Wristband,9
Adidas,Shoes,35
Nike,Socks,4
Reebok,Tracksuit,20
Nike,Shirt,8
Nike,Shoes,103
FILA,Shoes,36
Reebok,Tracksuit,34
Puma,Wristband,5
Reebok,Shoes,110
Puma,Tracksuit,48
Puma,Hoodie,50
Reebok,Socks,2
FILA,Wristband,1
FILA,Wristband,8
Reebok,Socks,2
FILA,Socks,2
Puma,Socks,5
Nike,Wristband,5
Adidas,Headband,8
Adidas,Shoes,64
Adidas,Shoes,69
FILA,Leggings,28
Reebok,Leggings,22
Adidas,Shoes,118
Puma,Leggings,20
Puma,Shoes,62
Puma,Leggings,13
Nike,Shirt,36
FILA,Leggings,21
Adidas,Leggings,5
Adidas,Tracksuit,13
Reebok,Shoes,100
Puma,Socks,2
Adidas,Headband,2
Nike,Tracksuit,38
Nike,Shoes,69
Reebok,Socks,2
Adidas,Leggings,22
FILA,Leggings,13
Puma,Socks,4
Nike,Socks,4
Reebok,Shirt,8
FILA,Tracksuit,48
Nike,Shoes,64
Nike,Shirt,22
Puma,Shoes,115
Adidas,Shirt,7
Adidas,Leggings,26
Puma,Shoes,58
Nike,Shirt,21
Adidas,Leggings,6
Reebok,Socks,4
Nike,Tracksuit,31
Puma,Shirt,12
Adidas,Shirt,30
FILA,Leggings,24
FILA,Shirt,27
Nike,Tracksuit,42
FILA,Wristband,6
Adidas,Socks,4
FILA,Hoodie,46
Reebok,Hoodie,24
Reebok,Headband,8
FILA,Shirt,32
FILA,Tracksuit,11
Adidas,Shoes,74
Reebok,Shirt,14
Nike,Tracksuit,10
FILA,Shirt,22
Puma,Shoes,61
Nike,Shirt,30
Reebok,Tracksuit,39
FILA,Shirt,15
FILA,Wristband,3
Adidas,Shoes,115
Nike,Hoodie,18
Nike,Wristband,9
Reebok,Wristband,2
Reebok,Wristband,6
FILA,Tracksuit,31
Reebok,Shirt,38
Adidas,Tracksuit,42
FILA,Socks,3
Nike,Shoes,117
Adidas,Leggings,17
Reebok,Leggings,24
Nike,Leggings,14
Reebok,Shirt,32
Adidas,Tracksuit,45
Adidas,Wristband,2
Puma,Headband,3
Puma,Tracksuit,20
Adidas,Leggings,26
Puma,Shirt,36
Reebok,Tracksuit,12
Nike,Wristband,7
Adidas,Shoes,18
Puma,Shirt,8
Puma,Headband,9
Nike,Shirt,40
FILA,Hoodie,77
FILA,Shirt,30
FILA,Tracksuit,17
Reebok,Hoodie,16
Puma,Socks,3
Puma,Tracksuit,33
Nike,Shoes,115
Reebok,Shoes,101
FILA,Wristband,2
Puma,Headband,1
FILA,Tracksuit,24
Nike,Shirt,20
FILA,Leggings,13
Nike,Tracksuit,44
Adidas,Tracksuit,36
Reebok,Shirt,34
Adidas,Tracksuit,25
Reebok,Leggings,22
FILA,Shirt,32
Puma,Shoes,118
Reebok,Socks,2
Reebok,Leggings,16
FILA,Leggings,13
Reebok,Shirt,30
FILA,Shoes,98
Reebok,Socks,4
Nike,Shoes,64
FILA,Leggings,17
Adidas,Shoes,118
Reebok,Tracksuit,40
Reebok,Leggings,24
Reebok,Socks,3
FILA,Socks,5
Reebok,Leggings,30
FILA,Tracksuit,28
Adidas,Shoes,66
FILA,Leggings,17
Reebok,Hoodie,72
Nike,Shoes,65
FILA,Socks,5
Reebok,Shoes,30
FILA,Shoes,83
Puma,Tracksuit,10
Reebok,Socks,3
Reebok,Tracksuit,44
Adidas,Socks,4
Adidas,Shirt,15
Adidas,Shoes,95
Nike,Hoodie,49
Nike,Tracksuit,49
Adidas,Leggings,16
Nike,Wristband,3
FILA,Tracksuit,39
Reebok,Shirt,22
FILA,Tracksuit,36
Reebok,Shirt,30
Nike,Leggings,29
FILA,Hoodie,41
Puma,Wristband,4
Nike,Socks,2
Puma,Shirt,35
Reebok,Tracksuit,14
Puma,Hoodie,61
Reebok,Shirt,37
FILA,Wristband,7
FILA,Leggings,29
FILA,Tracksuit,11
Puma,Shoes,100
FILA,Shoes,38
Nike,Tracksuit,33
FILA,Shoes,108
Reebok,Leggings,16
Puma,Socks,4
Puma,Tracksuit,38
Puma,Tracksuit,23
Nike,Socks,3
Puma,Socks,4
Puma,Tracksuit,23
Puma,Shoes,45
Adidas,Shirt,23
FILA,Shoes,116
Nike,Wristband,4
FILA,Shoes,20
Puma,Socks,5
Reebok,Hoodie,43
Nike,Tracksuit,13
Reebok,Tracksuit,20
Nike,Tracksuit,31
Adidas,Tracksuit,27
Nike,Shirt,33
Adidas,Shirt,36
Puma,Wristband,4
FILA,Shoes,28
Nike,Headband,6
Puma,Leggings,18
Adidas,Shoes,70
FILA,Headband,3
Nike,Wristband,3
Puma,Socks,2
Puma,Socks,4
FILA,Headband,7
Puma,Tracksuit,44
Reebok,Tracksuit,37
Adidas,Leggings,12
Reebok,Socks,5
Reebok,Shoes,70
Adidas,Hoodie,68
Adidas,Wristband,9
Nike,Shirt,22
FILA,Shoes,49
Nike,Shirt,40
Reebok,Shoes,29
Nike,Wristband,2
Reebok,Wristband,2
Puma,Tracksuit,29
Puma,Headband,1
Adidas,Shirt,14
Nike,Hoodie,62
Puma,Shoes,104
Adidas,Tracksuit,48
Reebok,Shirt,20
Adidas,Shoes,35
Reebok,Socks,2
Puma,Socks,2
Nike,Shoes,52
Reebok,Leggings,28
FILA,Tracksuit,43
Adidas,Tracksuit,17
Puma,Shirt,24
Adidas,Shoes,89
Nike,Socks,3
FILA,Shoes,89
FILA,Shirt,25
Nike,Tracksuit,14
Reebok,Shoes,80
Puma,Shoes,69
Nike,Shoes,57
Puma,Shirt,39
Nike,Tracksuit,17
Puma,Shoes,90
Reebok,Socks,4
Puma,Hoodie,43
FILA,Leggings,25
Adidas,Tracksuit,26
Reebok,Shirt,19
Adidas,Hoodie,28
Puma,Shirt,37
FILA,Tracksuit,21
Adidas,Leggings,14
Puma,Shirt,40
Adidas,Leggings,7
Adidas,Shirt,38
Adidas,Shoes,104
Reebok,Wristband,5
FILA,Tracksuit,12
Adidas,Shoes,17
Adidas,Shoes,47
Adidas,Hoodie,52
FILA,Shoes,56
Adidas,Shoes,18
Reebok,Leggings,7
Nike,Shoes,39
Adidas,Shoes,16
Reebok,Leggings,4
FILA,Leggings,24
Reebok,Socks,2
Puma,Wristband,4
Adidas,Leggings,6
Puma,Leggings,23
FILA,Wristband,3
Adidas,Socks,3
FILA,Shirt,7
Puma,Tracksuit,9
Nike,Tracksuit,43
Reebok,Wristband,5
Puma,Socks,3
Puma,Leggings,25
Puma,Leggings,6
Puma,Shoes,77
Nike,Hoodie,29
Puma,Headband,5
Adidas,Socks,5
Reebok,Shirt,6
Puma,Leggings,15
Adidas,Leggings,9
Nike,Shirt,26
Puma,Socks,2
Nike,Shirt,21
Nike,Shoes,43
Reebok,Wristband,7
Adidas,Leggings,15
Adidas,Hoodie,29
Puma,Headband,9
Puma,Headband,3
Nike,Shirt,21
Nike,Leggings,29
FILA,Shirt,38
Adidas,Socks,3
Nike,Shoes,100
Puma,Tracksuit,24
Adidas,Socks,2
FILA,Socks,3
Reebok,Socks,4
Puma,Shoes,55
Reebok,Wristband,9
Reebok,Shirt,24
Reebok,Shirt,28
Reebok,Hoodie,41
Adidas,Shoes,45
Reebok,Socks,3
FILA,Shoes,39
FILA,Socks,4
Puma,Leggings,8
Reebok,Shoes,31
Adidas,Shirt,25
Nike,Hoodie,52
FILA,Tracksuit,10
Puma,Tracksuit,12
Nike,Shoes,119
Nike,Leggings,6
Adidas,Tracksuit,38
Nike,Shirt,15
Reebok,Tracksuit,14
FILA,Shoes,52
Puma,Leggings,16
Puma,Shoes,65
FILA,Wristband,2
Nike,Socks,4
Adidas,Wristband,4
FILA,Shoes,37
Nike,Leggings,15
Adidas,Shirt,26
Nike,Leggings,14
Nike,Shirt,6
Puma,Tracksuit,26
FILA,Shirt,29
Adidas,Leggings,17
Nike,Socks,2
Nike,Shirt,39
Reebok,Socks,5
Reebok,Shoes,78
Reebok,Shirt,9
Adidas,Wristband,1
Puma,Shirt,25
Nike,Tracksuit,12
FILA,Shoes,102
Reebok,Shirt,37
FILA,Tracksuit,22
Reebok,Shoes,109
Reebok,Shirt,34
Puma,Shirt,35
Nike,Tracksuit,27
Puma,Shirt,12
Reebok,Leggings,13
Nike,Shirt,14
Nike,Leggings,24
Adidas,Hoodie,49
FILA,Socks,2
Reebok,Tracksuit,35
Puma,Socks,4
FILA,Shirt,33
Adidas,Hoodie,73
FILA,Tracksuit,36
Puma,Tracksuit,44
Puma,Leggings,9
Adidas,Leggings,19
Adidas,Leggings,4
Nike,Shirt,32
Adidas,Leggings,27
Nike,Hoodie,60
FILA,Shoes,79
Reebok,Wristband,7
Nike,Socks,4
Puma,Tracksuit,46
Reebok,Wristband,2
Adidas,Wristband,4
Reebok,Leggings,16
FILA,Tracksuit,36
FILA,Tracksuit,29
FILA,Shoes,70
Reebok,Shirt,10
Reebok,Tracksuit,22
FILA,Shoes,103
Nike,Wristband,8
Reebok,Shoes,29
Reebok,Wristband,4
Puma,Leggings,28
Nike,Socks,2
Puma,Socks,3
FILA,Shirt,32
Reebok,Tracksuit,22
Nike,Socks,2
Puma,Shoes,96
Puma,Wristband,5
Adidas,Leggings,19
FILA,Leggings,22
Reebok,Shirt,32
Puma,Tracksuit,15
FILA,Shirt,10
Adidas,Hoodie,37
Reebok,Leggings,10
Puma,Leggings,24
Reebok,Leggings,11
Nike,Shoes,76
Puma,Socks,4
Adidas,Wristband,6
Adidas,Socks,3
Puma,Shirt,37
Nike,Leggings,30
Nike,Tracksuit,45
Puma,Tracksuit,48
Adidas,Shirt,10
Reebok,Wristband,3
Puma,Shoes,103
Adidas,Shirt,36
Adidas,Tracksuit,12
Nike,Hoodie,27
Puma,Wristband,8
Nike,Leggings,23
Puma,Shoes,25
Reebok,Leggings,8
Adidas,Wristband,1
Adidas,Wristband,2
Adidas,Shoes,18
Reebok,Wristband,5
Adidas,Tracksuit,45
Puma,Leggings,23
Puma,Headband,6
FILA,Tracksuit,12
Adidas,Socks,4
Puma,Hoodie,27
Reebok,Wristband,5
Nike,Shirt,30
Nike,Shoes,50
Puma,Tracksuit,38
Puma,Wristband,7
FILA,Leggings,17
Reebok,Tracksuit,15
Adidas,Shoes,100
Puma,Leggings,30
FILA,Wristband,3
Reebok,Leggings,14
Nike,Shirt,20
Adidas,Shoes,40
Nike,Headband,7
Nike,Hoodie,27
Nike,Wristband,2
Adidas,Shirt,16
Adidas,Wristband,8
Puma,Shoes,50
Nike,Hoodie,32
Puma,Shoes,83
Nike,Tracksuit,33
Nike,Tracksuit,22
Reebok,Tracksuit,22
Adidas,Socks,2
FILA,Wristband,4
Puma,Headband,2
Nike,Socks,4
Nike,Leggings,21
Puma,Shirt,24
Puma,Socks,5
Nike,Tracksuit,42
Puma,Shoes,52
Reebok,Wristband,8
Adidas,Shirt,13
FILA,Shoes,20
FILA,Wristband,2
Adidas,Tracksuit,17
Nike,Tracksuit,29
Reebok,Hoodie,26
FILA,Shirt,14
Puma,Tracksuit,11
Reebok,Tracksuit,26
Reebok,Socks,3
Adidas,Shoes,102
Reebok,Leggings,23
Puma,Wristband,9
Nike,Wristband,3
Adidas,Tracksuit,18
Puma,Tracksuit,49
Adidas,Socks,4
Reebok,Tracksuit,29
Puma,Socks,3
FILA,Shoes,90
Adidas,Socks,4
Nike,Shirt,14
Puma,Socks,4
Nike,Tracksuit,49
FILA,Hoodie,54
Puma,Tracksuit,18
Puma,Tracksuit,38
Adidas,Shoes,51
Nike,Leggings,10
FILA,Wristband,3
Nike,Shirt,25
Adidas,Tracksuit,50
Puma,Tracksuit,22
FILA,Shoes,101
Nike,Leggings,11
FILA,Headband,3
Adidas,Shirt,19
Adidas,Tracksuit,41
FILA,Shoes,29
FILA,Shirt,24
Nike,Tracksuit,9
FILA,Headband,4
Puma,Socks,4
FILA,Shirt,32
Puma,Shoes,103
Puma,Headband,7
Reebok,Shirt,37
Adidas,Socks,4
FILA,Wristband,6
Puma,Shirt,21
Adidas,Shoes,71
Adidas,Shoes,99
Puma,Shoes,58
Nike,Tracksuit,13
Nike,Wristband,3
Reebok,Leggings,24
Adidas,Socks,4
FILA,Shoes,111
FILA,Socks,4
Puma,Tracksuit,16
Puma,Wristband,3
Puma,Shoes,49
Reebok,Shoes,108
Adidas,Hoodie,39
Reebok,Shirt,18
FILA,Wristband,5
Reebok,Shoes,101
FILA,Headband,8
Reebok,Tracksuit,33
Nike,Leggings,23
FILA,Shirt,8
Nike,Shirt,21
FILA,Tracksuit,14
FILA,Tracksuit,30
Puma,Shoes,68
Reebok,Leggings,18
Reebok,Shoes,57
FILA,Wristband,5
Puma,Shoes,119
Puma,Shirt,17
Puma,Shoes,109
Reebok,Socks,3
Reebok,Wristband,7
Adidas,Shoes,109
FILA,Shoes,115
Adidas,Leggings,11
Nike,Leggings,28
Reebok,Leggings,20
Reebok,Tracksuit,26
Nike,Wristband,9
FILA,Leggings,29
FILA,Socks,3
Reebok,Shoes,114
Nike,Shoes,47
Adidas,Tracksuit,28
Puma,Hoodie,70
Nike,Shoes,29
Nike,Leggings,22
Adidas,Tracksuit,34
Nike,Shoes,93
FILA,Shoes,35
Adidas,Tracksuit,35
FILA,Tracksuit,46
FILA,Shoes,92
Adidas,Shirt,39
Puma,Socks,3
FILA,Leggings,11
Adidas,Shirt,30
Adidas,Leggings,12
Adidas,Tracksuit,15
Nike,Shirt,35
Puma,Tracksuit,11
Puma,Socks,4
Reebok,Shoes,37
Reebok,Tracksuit,23
FILA,Shoes,51
FILA,Tracksuit,40
FILA,Headband,9
Puma,Shoes,76
FILA,Tracksuit,29
Nike,Socks,3
FILA,Wristband,7
FILA,Shoes,43
Nike,Tracksuit,36
FILA,Hoodie,69
FILA,Socks,4
Reebok,Leggings,22
Nike,Shoes,23
Reebok,Tracksuit,49
Reebok,Shoes,15
FILA,Tracksuit,23
FILA,Tracksuit,12
Puma,Shoes,53
Nike,Tracksuit,27
Reebok,Socks,4
Reebok,Shirt,22
Nike,Socks,4
Adidas,Shirt,33
Adidas,Wristband,4
Nike,Shirt,36
FILA,Wristband,2
Puma,Shoes,73
Puma,Headband,1
Adidas,Wristband,7
FILA,Shirt,20
Nike,Hoodie,52
FILA,Tracksuit,11
FILA,Wristband,6
Nike,Headband,8
Nike,Shoes,97
Reebok,Shoes,27
Reebok,Leggings,5
Adidas,Shoes,76
Reebok,Tracksuit,44
Reebok,Tracksuit,47
Nike,Tracksuit,38
Nike,Hoodie,37
FILA,Tracksuit,28
Reebok,Shirt,13
FILA,Wristband,7
Nike,Tracksuit,42
FILA,Hoodie,66
Puma,Tracksuit,37
Puma,Tracksuit,33
FILA,Socks,3
Reebok,Socks,4
FILA,Leggings,30
FILA,Hoodie,77
FILA,Shoes,24
FILA,Leggings,23
Nike,Hoodie,55
Reebok,Shirt,13
Nike,Tracksuit,43
Puma,Leggings,9
Puma,Shirt,6
FILA,Shoes,118
Nike,Tracksuit,47
Puma,Socks,3
Reebok,Tracksuit,34
Adidas,Leggings,20
FILA,Tracksuit,47
FILA,Leggings,16
Reebok,Tracksuit,47
Nike,Leggings,6
Adidas,Headband,4
Reebok,Hoodie,44
Puma,Shirt,25
Nike,Socks,2
Adidas,Tracksuit,46
Reebok,Shirt,39
Puma,Shirt,21
Nike,Leggings,18
Reebok,Socks,5
Adidas,Headband,8
Adidas,Shirt,21
Reebok,Tracksuit,31
Puma,Shoes,58
Nike,Leggings,28
Puma,Shirt,25
Puma,Wristband,1
Nike,Hoodie,57
FILA,Socks,5
Nike,Leggings,23
Reebok,Leggings,28
FILA,Shirt,12
Nike,Shoes,57
Puma,Shoes,76
Nike,Shirt,31
Reebok,Tracksuit,12
Nike,Hoodie,51
Reebok,Wristband,5
Puma,Shoes,17
FILA,Socks,5
FILA,Shoes,54
Puma,Headband,9
Puma,Hoodie,17
FILA,Leggings,12
Adidas,Shoes,35
Adidas,Shirt,26
Puma,Shirt,21
Adidas,Hoodie,48
FILA,Shirt,40
FILA,Hoodie,42
Puma,Leggings,17
FILA,Headband,4
Nike,Tracksuit,9
Puma,Shoes,105
FILA,Shirt,35
Adidas,Headband,7
Puma,Wristband,6
Puma,Tracksuit,24
FILA,Leggings,15
Reebok,Tracksuit,26
Reebok,Wristband,1
Puma,Wristband,1
Puma,Leggings,5
Puma,Leggings,22
Puma,Socks,5
FILA,Tracksuit,41
Nike,Shoes,98
Adidas,Shoes,70
Reebok,Shoes,88
FILA,Socks,2
Nike,Socks,3
Puma,Shirt,30
FILA,Tracksuit,9
FILA,Wristband,5
Puma,Shoes,73
Reebok,Wristband,4
Puma,Shoes,97
Adidas,Leggings,15
Nike,Shirt,23
FILA,Shirt,30
FILA,Tracksuit,38
Adidas,Socks,3
FILA,Shirt,14
Reebok,Shoes,86
Reebok,Leggings,14
Puma,Leggings,5
Adidas,Shirt,8
Nike,Shirt,36
Puma,Hoodie,80
FILA,Tracksuit,22
Puma,Leggings,18
FILA,Shoes,19
Reebok,Shoes,24
FILA,Shirt,19
Puma,Hoodie,79
Puma,Leggings,30
Nike,Shoes,92
Adidas,Shoes,76
Reebok,Wristband,8
Puma,Socks,5
Reebok,Tracksuit,46
Puma,Socks,2
Adidas,Wristband,2
Reebok,Shoes,36
Reebok,Shirt,21
Puma,Leggings,29
FILA,Shirt,12
Adidas,Leggings,9
FILA,Wristband,4
Reebok,Leggings,13
Nike,Hoodie,58
FILA,Leggings,18
FILA,Tracksuit,30
Nike,Shoes,112
Reebok,Headband,1
Nike,Tracksuit,20
Adidas,Tracksuit,42
Adidas,Shoes,64
FILA,Wristband,9
Nike,Shoes,118
Puma,Shoes,69
FILA,Tracksuit,35
Adidas,Shirt,36
Adidas,Leggings,9
Adidas,Tracksuit,9
Nike,Leggings,8
Adidas,Wristband,1
Puma,Wristband,3
Puma,Leggings,29
Puma,Shirt,15
Puma,Socks,3
Puma,Shoes,104
Nike,Shirt,7
Reebok,Socks,5
Nike,Shirt,9
Puma,Shirt,28
Adidas,Headband,8
Nike,Leggings,27
FILA,Shirt,38
Adidas,Shoes,95
FILA,Tracksuit,11
Adidas,Shoes,94
FILA,Hoodie,58
Puma,Wristband,5
Adidas,Shirt,34
Nike,Hoodie,62
Puma,Shoes,64
Nike,Hoodie,64
Puma,Socks,2
FILA,Shoes,93
Puma,Leggings,18
Reebok,Shoes,99
Puma,Wristband,7
Adidas,Shoes,30
Puma,Tracksuit,31
Adidas,Wristband,4
Reebok,Leggings,24
Adidas,Shirt,33
Reebok,Shirt,23
Adidas,Shoes,41
Puma,Tracksuit,50
Nike,Leggings,23
Nike,Wristband,8
Nike,Tracksuit,38
Adidas,Shirt,17
Nike,Hoodie,36
Nike,Shoes,108
Adidas,Socks,5
Nike,Shirt,12
FILA,Tracksuit,50
Nike,Hoodie,24
Reebok,Tracksuit,45
Adidas,Shoes,119
Reebok,Hoodie,75
Adidas,Leggings,28
Adidas,Socks,3
Puma,Leggings,30
Reebok,Tracksuit,15
Puma,Hoodie,31
Puma,Shoes,90
Puma,Tracksuit,31
Puma,Tracksuit,10
FILA,Shirt,19
Puma,Shoes,18
FILA,Shoes,57
Nike,Headband,2
Nike,Tracksuit,32
Nike,Tracksuit,39
Reebok,Hoodie,68
Reebok,Tracksuit,48
Nike,Leggings,27
Adidas,Tracksuit,48
Nike,Shoes,61
Reebok,Shirt,24
Puma,Socks,4
Reebok,Shirt,22
Nike,Tracksuit,39
Nike,Tracksuit,45
Reebok,Leggings,27
FILA,Shirt,20
FILA,Shirt,32
Nike,Shoes,83
FILA,Shirt,40
FILA,Shoes,50
Nike,Shirt,20
Nike,Wristband,7
FILA,Shirt,36
Puma,Shirt,12
FILA,Socks,5
Adidas,Wristband,1
Nike,Tracksuit,50
Reebok,Shoes,43
Puma,Socks,5
Puma,Wristband,1
Adidas,Shirt,6
Nike,Shirt,23
Puma,Shirt,6
Reebok,Leggings,27
FILA,Tracksuit,25
Reebok,Leggings,24
Adidas,Shoes,16
FILA,Tracksuit,48
Puma,Leggings,4
Puma,Shoes,96
FILA,Shirt,26
FILA,Leggings,26
FILA,Wristband,8
FILA,Hoodie,26
Puma,Shirt,14
Adidas,Wristband,5
Puma,Shirt,34
FILA,Hoodie,43
Puma,Shirt,19
FILA,Socks,5
Reebok,Tracksuit,41
FILA,Shoes,27
Adidas,Leggings,19
FILA,Shirt,26
Puma,Socks,5
Adidas,Tracksuit,25
Reebok,Shoes,57
Puma,Tracksuit,17
Adidas,Shirt,32
Reebok,Leggings,16
Adidas,Shirt,13
FILA,Tracksuit,31
Nike,Tracksuit,22
Adidas,Socks,4
Nike,Leggings,15
Puma,Shoes,75
FILA,Shirt,11
Puma,Socks,3
Reebok,Leggings,6
Adidas,Tracksuit,31
Reebok,Hoodie,75
FILA,Leggings,9
Reebok,Leggings,24
Reebok,Tracksuit,44
Adidas,Shoes,20
Nike,Shoes,119
Nike,Socks,2
FILA,Shirt,24
Adidas,Tracksuit,30
Nike,Wristband,9
Nike,Leggings,19
Puma,Leggings,17
Puma,Tracksuit,16
Adidas,Shirt,12
Nike,Wristband,2
Reebok,Headband,2
Adidas,Wristband,6
FILA,Wristband,7
Nike,Tracksuit,36
Puma,Leggings,26
Puma,Tracksuit,14
Puma,Tracksuit,21
FILA,Shoes,96
Reebok,Shirt,29
Nike,Socks,3
Puma,Wristband,1
Reebok,Tracksuit,20
Nike,Tracksuit,14
Nike,Tracksuit,44
Reebok,Shirt,40
Reebok,Leggings,5
Puma,Socks,2
Puma,Leggings,16
Nike,Tracksuit,33
Puma,Tracksuit,46
Reebok,Tracksuit,28
Adidas,Wristband,2
Nike,Shoes,21
FILA,Leggings,19
Nike,Hoodie,24
Adidas,Shirt,9
Puma,Socks,5
Adidas,Wristband,1
Adidas,Socks,4
Nike,Hoodie,33
Nike,Headband,5
Nike,Tracksuit,10
Nike,Socks,5
Adidas,Shoes,34
Adidas,Socks,3
Puma,Tracksuit,25
Puma,Shoes,60
Nike,Socks,2
Reebok,Socks,5
FILA,Tracksuit,50
Puma,Hoodie,36
Adidas,Socks,2
Adidas,Tracksuit,34
Adidas,Leggings,8
Reebok,Shirt,13
Reebok,Shirt,12
FILA,Wristband,1
Nike,Headband,2
FILA,Wristband,2
Nike,Wristband,3
Puma,Socks,5
Puma,Socks,2
Nike,Tracksuit,31
Nike,Tracksuit,15
Puma,Tracksuit,35
FILA,Tracksuit,44
Puma,Shoes,25
Adidas,Shirt,12
Puma,Shirt,13
FILA,Shoes,105
FILA,Socks,3
FILA,Shoes,67
Nike,Tracksuit,18
Adidas,Tracksuit,29
Nike,Tracksuit,32
Puma,Headband,5
FILA,Shirt,19
Nike,Leggings,22
Adidas,Tracksuit,33
Adidas,Socks,4
Reebok,Socks,2
Adidas,Headband,2
Nike,Shirt,16
FILA,Socks,4
Nike,Shirt,31
Adidas,Shoes,33
FILA,Shoes,15
Puma,Leggings,22
Adidas,Tracksuit,45
Puma,Socks,4
Puma,Leggings,5
FILA,Shirt,12
Reebok,Leggings,14
Nike,Headband,4
Puma,Tracksuit,17
Reebok,Shirt,30
Puma,Tracksuit,19
FILA,Socks,4
FILA,Shirt,33
FILA,Leggings,11
FILA,Tracksuit,24
FILA,Tracksuit,28
Adidas,Shoes,96
Nike,Socks,4
Nike,Shoes,26
Adidas,Shoes,92
Puma,Tracksuit,20
Reebok,Shirt,8
Reebok,Leggings,24
Puma,Shirt,11
Adidas,Shirt,6
Nike,Shirt,11
Adidas,Wristband,9
Reebok,Tracksuit,33
Adidas,Socks,5
Reebok,Wristband,4
Reebok,Shoes,20
Adidas,Shirt,29
Puma,Tracksuit,50
Adidas,Leggings,4
Reebok,Socks,2
Nike,Tracksuit,49
Adidas,Headband,3
Reebok,Leggings,22
Nike,Leggings,24
Reebok,Shirt,29
Nike,Leggings,5
Reebok,Tracksuit,47
Nike,Tracksuit,33
Nike,Hoodie,16
Nike,Shoes,82
Nike,Leggings,26
Reebok,Wristband,3
Nike,Wristband,2
FILA,Shirt,36
Adidas,Shoes,54
Puma,Tracksuit,37
Adidas,Tracksuit,43
FILA,Shirt,15
FILA,Shirt,22
FILA,Wristband,6
Adidas,Shoes,74
Reebok,Hoodie,35
Nike,Socks,5
Nike,Hoodie,47
Puma,Wristband,4
Puma,Wristband,9
FILA,Socks,5
Nike,Shirt,19
Adidas,Shoes,31
Adidas,Tracksuit,40
Nike,Shoes,97
Nike,Socks,3
Nike,Wristband,9
Adidas,Socks,4
Adidas,Tracksuit,36
Reebok,Leggings,19
Reebok,Leggings,13
Nike,Shirt,32
Adidas,Tracksuit,23
Adidas,Socks,2
Nike,Socks,5
Nike,Shirt,18
FILA,Hoodie,51
Puma,Shoes,89
Puma,Leggings,21
Puma,Shoes,26
Puma,Shirt,15
Reebok,Leggings,17
Nike,Tracksuit,14
Puma,Tracksuit,44
Puma,Shoes,102
Reebok,Shirt,21
Puma,Shoes,72
Nike,Shirt,38
FILA,Hoodie,51
Nike,Shirt,11
FILA,Hoodie,24
Adidas,Tracksuit,40
Nike,Shoes,59
Nike,Tracksuit,20
Adidas,Shirt,13
Reebok,Shoes,92
Nike,Shirt,34
Nike,Socks,2
Nike,Shirt,11
Nike,Shirt,21
Adidas,Socks,3
Reebok,Shoes,100
Reebok,Shoes,65
Reebok,Headband,1
Puma,Socks,4
Nike,Hoodie,66
Nike,Shoes,67
Puma,Shoes,120
Puma,Shirt,27
Reebok,Leggings,15
Adidas,Socks,4
Puma,Headband,5
Reebok,Socks,5
Adidas,Socks,5
Nike,Headband,4
Puma,Leggings,22
Reebok,Headband,4
Reebok,Leggings,19
Puma,Shoes,75
Puma,Wristband,4
Puma,Shirt,10
Reebok,Shirt,12
Nike,Hoodie,18
FILA,Hoodie,63
Nike,Socks,4
Adidas,Socks,4
FILA,Hoodie,28
FILA,Socks,4
FILA,Shoes,102
Puma,Wristband,5
Nike,Shoes,44
FILA,Shirt,40
Adidas,Tracksuit,35
Reebok,Tracksuit,17
Puma,Tracksuit,26
Nike,Socks,3
Nike,Shirt,38
Reebok,Shoes,82
Puma,Socks,4
Puma,Socks,5
FILA,Shirt,33
Puma,Socks,4
FILA,Socks,2
Adidas,Shoes,62
FILA,Wristband,8
Puma,Shoes,29
FILA,Tracksuit,45
Adidas,Socks,4
Adidas,Shirt,36
Puma,Wristband,9
FILA,Tracksuit,43
FILA,Shirt,14
FILA,Shoes,51
FILA,Shirt,10
Puma,Shirt,35
Puma,Shoes,78
Reebok,Wristband,7
FILA,Shirt,15
Adidas,Hoodie,64
Adidas,Shoes,36
Adidas,Leggings,24
Nike,Shoes,31
Adidas,Tracksuit,34
Nike,Socks,3
Puma,Leggings,28
Puma,Hoodie,15
Puma,Shirt,12
Reebok,Tracksuit,45
Adidas,Tracksuit,50
Nike,Tracksuit,9
Puma,Socks,2
Adidas,Shoes,93
Puma,Leggings,11
Adidas,Wristband,7
Puma,Shirt,13
Puma,Shirt,8
Reebok,Shirt,29
Reebok,Wristband,2
Puma,Hoodie,68
Nike,Socks,5
Reebok,Headband,5
FILA,Headband,2
Nike,Socks,4
Reebok,Hoodie,45
FILA,Shirt,32
Puma,Hoodie,20
Reebok,Shirt,40
FILA,Leggings,5
Nike,Shirt,26
Reebok,Shirt,17
Reebok,Shoes,39
Nike,Shirt,14
FILA,Shirt,35
FILA,Tracksuit,48
Puma,Shoes,46
Adidas,Headband,7
Reebok,Wristband,4
Reebok,Socks,4
Puma,Shoes,112
Adidas,Shirt,33
Nike,Socks,4
Puma,Tracksuit,27
Puma,Shoes,67
Adidas,Wristband,3
Nike,Headband,5
FILA,Shoes,82
FILA,Shirt,12
Puma,Tracksuit,32
Puma,Shirt,33
Nike,Shoes,72
Adidas,Shirt,15
Reebok,Shoes,111
Adidas,Headband,1
Puma,Tracksuit,49
Reebok,Wristband,7
Nike,Leggings,6
Nike,Tracksuit,20
Adidas,Leggings,28
Adidas,Socks,2
Puma,Tracksuit,36
Adidas,Socks,5
Puma,Leggings,20
Adidas,Shoes,91
Adidas,Socks,4
FILA,Tracksuit,40
FILA,Shoes,18
Puma,Shoes,69
Adidas,Hoodie,56
FILA,Shirt,40
FILA,Wristband,5
Nike,Shirt,13
Puma,Wristband,9
Puma,Socks,4
FILA,Socks,5
FILA,Shirt,27
FILA,Socks,3
Nike,Hoodie,80
FILA,Leggings,29
Puma,Hoodie,54
Adidas,Socks,2
Reebok,Tracksuit,38
Adidas,Wristband,3
Reebok,Shoes,23
Puma,Shirt,25
Nike,Tracksuit,33
Nike,Shirt,38
Nike,Leggings,26
Puma,Shoes,113
FILA,Shoes,27
Adidas,Socks,3
Reebok,Tracksuit,45
Reebok,Shirt,6
Adidas,Wristband,6
Nike,Headband,2
Nike,Tracksuit,21
FILA,Shoes,39
Puma,Shirt,11
Nike,Wristband,3
Adidas,Shirt,24
FILA,Hoodie,61
Adidas,Leggings,25
FILA,Tracksuit,45
Adidas,Wristband,3
Reebok,Socks,2
Nike,Socks,5
Puma,Shirt,19
Puma,Shoes,118
Puma,Leggings,19
Nike,Shoes,97
Puma,Leggings,26
Adidas,Leggings,28
Adidas,Socks,4
FILA,Headband,2
Nike,Shirt,26
Puma,Shirt,10
Nike,Shoes,60
Adidas,Shoes,23
FILA,Wristband,8
Reebok,Socks,3
Adidas,Leggings,8
Puma,Wristband,9
Reebok,Socks,2
Adidas,Tracksuit,10
Nike,Leggings,27
Nike,Leggings,29
Puma,Tracksuit,50
Nike,Leggings,14
Nike,Tracksuit,38
Puma,Shirt,19
Adidas,Shoes,39
FILA,Leggings,18
Reebok,Wristband,8
Adidas,Tracksuit,20
Reebok,Shoes,49
Adidas,Shirt,9
Adidas,Shoes,98
Puma,Tracksuit,20
Adidas,Leggings,26
Nike,Tracksuit,39
Reebok,Leggings,11
Adidas,Wristband,2
FILA,Shoes,54
FILA,Shoes,25
Reebok,Shoes,80
FILA,Shirt,13
Puma,Tracksuit,42
Reebok,Tracksuit,20
Adidas,Shirt,27
Adidas,Tracksuit,9
FILA,Shoes,51
FILA,Shoes,43
FILA,Wristband,8
Puma,Tracksuit,31
Puma,Shoes,25
Puma,Tracksuit,27
Puma,Socks,5
Puma,Shoes,90
Nike,Tracksuit,17
FILA,Shirt,26
Reebok,Tracksuit,48
FILA,Shirt,29
Reebok,Tracksuit,43
Puma,Wristband,1
Adidas,Socks,4
Puma,Hoodie,50
Nike,Tracksuit,13
Reebok,Tracksuit,32
Puma,Tracksuit,22
Nike,Wristband,8
FILA,Shoes,83
Puma,Shoes,23
Nike,Leggings,22
Reebok,Shoes,95
Nike,Shirt,32
FILA,Tracksuit,27
Adidas,Leggings,29
Nike,Wristband,2
Puma,Tracksuit,45
FILA,Leggings,6
FILA,Shoes,95
FILA,Wristband,6
Adidas,Socks,4
FILA,Socks,4
Nike,Wristband,6
Nike,Wristband,5
Adidas,Tracksuit,11
Puma,Shirt,37
Puma,Tracksuit,31
Reebok,Shoes,90
Adidas,Shoes,28
Puma,Wristband,1
FILA,Shoes,63
Nike,Shoes,50
Reebok,Shoes,71
Nike,Leggings,23
Reebok,Wristband,9
FILA,Shoes,62
Reebok,Tracksuit,34
Puma,Socks,2
Nike,Socks,5
Adidas,Shoes,102
Nike,Tracksuit,43
Nike,Tracksuit,29
Reebok,Shoes,114
Reebok,Tracksuit,36
Nike,Shoes,48
Reebok,Shirt,12
Puma,Leggings,14
Reebok,Shirt,36
Nike,Shoes,15
Adidas,Tracksuit,40
Reebok,Shirt,21
Puma,Tracksuit,47
Reebok,Wristband,6
Nike,Socks,2
Adidas,Leggings,5
Reebok,Socks,2
FILA,Socks,4
Adidas,Hoodie,44
FILA,Shoes,100
Puma,Shoes,41
Adidas,Tracksuit,24
Adidas,Socks,5
Puma,Leggings,8
Reebok,Wristband,1
FILA,Wristband,3
Adidas,Shirt,31
Nike,Leggings,27
Nike,Tracksuit,28
Adidas,Shoes,61
Nike,Shoes,91
FILA,Tracksuit,24
Puma,Shirt,11
Reebok,Socks,3
Reebok,Socks,2
Reebok,Tracksuit,25
Adidas,Leggings,14
Nike,Tracksuit,16
Puma,Tracksuit,40
Nike,Shoes,51
FILA,Socks,3
Adidas,Wristband,7
Nike,Shoes,120
Nike,Shoes,109
Nike,Shirt,17
Puma,Shoes,41
FILA,Tracksuit,17
Puma,Shoes,92
FILA,Tracksuit,18
Reebok,Shoes,92
Reebok,Wristband,7
FILA,Shirt,38
Puma,Shirt,8
Nike,Shirt,30
Adidas,Leggings,20
Puma,Tracksuit,19
Adidas,Hoodie,69
Puma,Tracksuit,34
Adidas,Socks,2
Puma,Tracksuit,40
FILA,Wristband,3
Adidas,Shoes,19
Adidas,Shoes,50
Nike,Wristband,4
Adidas,Shoes,32
FILA,Leggings,5
Nike,Socks,5
Puma,Shoes,28
Adidas,Leggings,10
Nike,Hoodie,69
Adidas,Shirt,33
FILA,Shoes,30
Puma,Shoes,110
Puma,Wristband,2
Reebok,Shirt,32
FILA,Shoes,60
FILA,Shirt,31
FILA,Hoodie,71
Reebok,Tracksuit,11
Reebok,Socks,2
Puma,Leggings,28
Reebok,Hoodie,58
FILA,Tracksuit,45
Reebok,Shirt,38
Nike,Shoes,71
Nike,Socks,5
FILA,Shirt,18
FILA,Socks,3
Nike,Tracksuit,9
Puma,Leggings,19
Nike,Shoes,96
Reebok,Hoodie,77
Reebok,Socks,2
Reebok,Shirt,20
FILA,Shirt,38
Adidas,Socks,5
FILA,Socks,4
Reebok,Tracksuit,20
Reebok,Shoes,76
Adidas,Shoes,34
Adidas,Shoes,41
Nike,Wristband,4
Nike,Headband,7
Nike,Socks,2
Adidas,Socks,3
Adidas,Shirt,9
FILA,Headband,4
Adidas,Shirt,6
Reebok,Shoes,52
Puma,Shoes,94
FILA,Hoodie,40
Puma,Shoes,41
Nike,Wristband,4
Adidas,Shoes,46
Nike,Shirt,21
FILA,Hoodie,69
Puma,Shirt,27
Adidas,Socks,4
Adidas,Socks,3
Puma,Shirt,39
FILA,Wristband,9
Nike,Shirt,24
Nike,Leggings,15
Reebok,Tracksuit,17
Adidas,Tracksuit,20
Puma,Socks,2
Reebok,Tracksuit,32
FILA,Socks,5
Nike,Hoodie,21
Reebok,Wristband,6
Nike,Tracksuit,36
Adidas,Shoes,23
Reebok,Shoes,89
FILA,Leggings,21
Reebok,Socks,4
Puma,Shoes,56
FILA,Shirt,14
FILA,Wristband,3
Nike,Hoodie,75
Reebok,Tracksuit,41
Adidas,Shoes,111
FILA,Leggings,7
Nike,Leggings,5
Adidas,Leggings,29
FILA,Shoes,80
Reebok,Tracksuit,29
Puma,Wristband,9
Reebok,Wristband,1
Adidas,Socks,2
Adidas,Socks,3
Reebok,Shirt,15
Nike,Hoodie,48
FILA,Shoes,18
Reebok,Socks,3
Nike,Wristband,1
Puma,Tracksuit,34
Reebok,Socks,5
Reebok,Shoes,116
Nike,Wristband,5
Adidas,Shoes,115
Adidas,Tracksuit,32
Nike,Shoes,110
Puma,Shirt,11
Adidas,Wristband,3
Reebok,Leggings,15
Nike,Socks,3
FILA,Leggings,15
Nike,Wristband,4
Adidas,Hoodie,49
Reebok,Tracksuit,14
FILA,Hoodie,60
Reebok,Tracksuit,21
Reebok,Shirt,24
Nike,Shoes,31
FILA,Shirt,11
Nike,Leggings,27
Adidas,Leggings,6
Nike,Socks,2
Puma,Shirt,36
Reebok,Shirt,40
Reebok,Tracksuit,32
Puma,Socks,3
FILA,Shoes,60
Nike,Wristband,1
FILA,Wristband,4
FILA,Leggings,23
Adidas,Leggings,18
Adidas,Wristband,3
FILA,Shoes,22
Nike,Shoes,50
Nike,Shirt,26
Nike,Wristband,3
FILA,Shirt,8
Reebok,Tracksuit,12
Adidas,Leggings,24
Adidas,Shirt,37
Reebok,Shirt,19
Nike,Shoes,17
Nike,Shoes,30
Nike,Shoes,61
FILA,Wristband,7
Puma,Socks,3
Nike,Shoes,46
Adidas,Wristband,9
Nike,Shoes,48
Nike,Hoodie,46
Nike,Shoes,65
FILA,Tracksuit,14
FILA,Shoes,65
Adidas,Tracksuit,19
Puma,Hoodie,31
Reebok,Shoes,74
Adidas,Tracksuit,40
Adidas,Shoes,68
FILA,Wristband,6
Reebok,Wristband,1
Puma,Shirt,40
Puma,Shoes,29
Reebok,Leggings,9
Reebok,Shoes,44
FILA,Shirt,16
FILA,Socks,5
Puma,Tracksuit,9
FILA,Shoes,84
Puma,Shoes,15
Adidas,Leggings,26
Reebok,Shoes,67
Nike,Hoodie,76
Nike,Tracksuit,47
Nike,Leggings,12
Puma,Hoodie,47
FILA,Tracksuit,19
Nike,Tracksuit,24
Adidas,Headband,4
Nike,Leggings,27
Adidas,Tracksuit,47
Puma,Socks,2
FILA,Shoes,46
Puma,Headband,3
Adidas,Wristband,1
FILA,Tracksuit,47
Adidas,Shirt,17
FILA,Shoes,93
Puma,Hoodie,75
FILA,Shirt,11
FILA,Shoes,77
Nike,Socks,4
FILA,Shirt,24
Puma,Shoes,15
Puma,Shirt,7
FILA,Shirt,9
Adidas,Tracksuit,42
FILA,Hoodie,55
Puma,Tracksuit,50
Nike,Shirt,39
Nike,Tracksuit,19
Puma,Shoes,20
Nike,Shoes,82
Reebok,Socks,3
Adidas,Leggings,28
Puma,Leggings,14
Nike,Leggings,19
FILA,Tracksuit,42
Reebok,Shoes,113
Reebok,Shoes,111
Puma,Shirt,40
Adidas,Tracksuit,17
Puma,Socks,2
Adidas,Leggings,17
Adidas,Leggings,30
FILA,Tracksuit,15
Reebok,Leggings,26
Reebok,Shirt,24
Nike,Leggings,30
Nike,Shoes,27
Nike,Tracksuit,14
Adidas,Leggings,20
FILA,Shirt,18
Adidas,Hoodie,49
Reebok,Leggings,25
FILA,Wristband,3
Nike,Wristband,9
Nike,Leggings,10
Reebok,Leggings,24
Adidas,Tracksuit,25
Nike,Tracksuit,9
Reebok,Shoes,85
Nike,Shoes,104
Reebok,Shoes,41
Reebok,Shirt,26
Nike,Wristband,1
Adidas,Shirt,26
FILA,Tracksuit,15
Nike,Socks,2
FILA,Wristband,9
FILA,Shoes,15
Reebok,Socks,4
FILA,Tracksuit,16
Puma,Wristband,6
Puma,Socks,2
FILA,Leggings,12
Puma,Shirt,37
Adidas,Socks,3
Puma,Shirt,34
Reebok,Tracksuit,15
Nike,Wristband,9
Adidas,Tracksuit,15
Puma,Shoes,15
Puma,Wristband,5
Puma,Wristband,8
Adidas,Leggings,14
Puma,Shoes,46
FILA,Shoes,86
FILA,Wristband,9
Puma,Shoes,46
Reebok,Socks,4
Reebok,Headband,3
Adidas,Shirt,23
Nike,Tracksuit,39
Puma,Shoes,112
Adidas,Wristband,4
Nike,Tracksuit,36
Adidas,Shirt,35
FILA,Shirt,18
Nike,Tracksuit,34
Puma,Shirt,38
Nike,Shirt,27
Puma,Shoes,28
Nike,Shirt,32
Nike,Tracksuit,36
FILA,Tracksuit,28
Reebok,Tracksuit,30
FILA,Shoes,99
Adidas,Wristband,6
Puma,Shoes,49
FILA,Shoes,58
Reebok,Tracksuit,32
Adidas,Wristband,8
Reebok,Shoes,115
FILA,Socks,2
Nike,Shirt,31
Nike,Shirt,12
Nike,Leggings,5
Reebok,Headband,4
Nike,Socks,4
Adidas,Hoodie,27
Reebok,Shoes,99
FILA,Tracksuit,19
Reebok,Tracksuit,22
Puma,Tracksuit,22
Puma,Wristband,4
Puma,Shoes,87
Adidas,Tracksuit,17
Adidas,Leggings,7
Nike,Hoodie,61
Reebok,Tracksuit,28
Adidas,Shoes,34
Puma,Socks,3
Adidas,Hoodie,38
FILA,Shoes,31
FILA,Leggings,17
Adidas,Socks,4
FILA,Shoes,94
Adidas,Tracksuit,50
Nike,Socks,2
Puma,Socks,5
Puma,Shoes,41
FILA,Wristband,2
Nike,Socks,2
FILA,Shirt,30
Nike,Shoes,117
Adidas,Tracksuit,26
FILA,Tracksuit,9
FILA,Shirt,24
Adidas,Tracksuit,49
Nike,Leggings,26
Reebok,Tracksuit,34
Nike,Shirt,39
Puma,Hoodie,67
Adidas,Headband,4
Nike,Tracksuit,33
Nike,Shoes,114
FILA,Headband,2
Puma,Tracksuit,18
Adidas,Socks,4
FILA,Headband,6
FILA,Hoodie,28
Nike,Tracksuit,10
Adidas,Shoes,103
FILA,Tracksuit,32
Adidas,Hoodie,58
FILA,Hoodie,42
FILA,Shoes,65
Puma,Leggings,5
Adidas,Wristband,1
Adidas,Tracksuit,38
Puma,Shoes,99
Reebok,Socks,3
Reebok,Wristband,4
Reebok,Shirt,9
Puma,Shirt,26
Adidas,Wristband,1
Reebok,Tracksuit,29
Nike,Tracksuit,35
Nike,Leggings,30
Adidas,Tracksuit,24
FILA,Shoes,93
Nike,Shoes,31
Adidas,Shirt,26
FILA,Shirt,31
Adidas,Tracksuit,29
Adidas,Shirt,14
Nike,Headband,1
Puma,Leggings,8
Puma,Socks,2
FILA,Shoes,110
FILA,Leggings,26
Reebok,Shoes,72
FILA,Wristband,2
Adidas,Shirt,25
Nike,Hoodie,71
FILA,Shoes,99
Puma,Headband,4
Puma,Shirt,12
Adidas,Tracksuit,17
Nike,Shirt,28
Nike,Tracksuit,26
Puma,Shirt,21
FILA,Headband,1
Puma,Shirt,20
Adidas,Hoodie,50
Reebok,Shirt,24
Reebok,Socks,3
FILA,Wristband,6
Adidas,Socks,5
Adidas,Leggings,13
Puma,Tracksuit,13
FILA,Socks,2
Nike,Headband,4
Reebok,Shirt,30
Reebok,Headband,4
Nike,Leggings,6
FILA,Socks,2
FILA,Socks,5
Nike,Shoes,40
Nike,Socks,2
Reebok,Hoodie,38
Puma,Tracksuit,42
Nike,Wristband,2
Nike,Headband,7
FILA,Wristband,2
Reebok,Tracksuit,40
Nike,Leggings,17
Nike,Wristband,8
FILA,Shirt,8
Adidas,Socks,4
Nike,Wristband,1
FILA,Shirt,39
Nike,Leggings,8
Puma,Tracksuit,19
Puma,Shoes,70
Reebok,Hoodie,23
Reebok,Socks,4
FILA,Tracksuit,41
Adidas,Shoes,87
Adidas,Tracksuit,27
Nike,Socks,2
Reebok,Shoes,51
Adidas,Hoodie,17
Reebok,Leggings,20
Nike,Shirt,17
Adidas,Tracksuit,20
Reebok,Tracksuit,17
FILA,Tracksuit,11
FILA,Shoes,109
Adidas,Hoodie,68
Adidas,Leggings,6
Nike,Shoes,23
FILA,Shoes,72
Adidas,Shirt,16
Puma,Shirt,8
Adidas,Shoes,109
FILA,Leggings,9
Adidas,Socks,2
Nike,Shoes,52
FILA,Socks,3
Puma,Shoes,77
Reebok,Wristband,9
FILA,Tracksuit,26
Reebok,Shirt,13
Reebok,Socks,4
Puma,Shirt,7
Reebok,Socks,2
Puma,Shoes,80
Reebok,Shirt,7
Puma,Tracksuit,20
Puma,Shirt,20
Nike,Shirt,20
Nike,Shoes,111
Puma,Leggings,16
Nike,Socks,4
Nike,Leggings,4
Adidas,Shirt,39
Reebok,Shirt,10
FILA,Shoes,24
Nike,Socks,5
Nike,Leggings,21
Puma,Shoes,65
Reebok,Wristband,8
Puma,Wristband,1
Nike,Hoodie,54
Nike,Tracksuit,50
FILA,Tracksuit,30
Nike,Wristband,4
FILA,Socks,5
Adidas,Leggings,9
Reebok,Leggings,14
Puma,Shirt,37
Nike,Leggings,20
Reebok,Leggings,14
Reebok,Tracksuit,19
Puma,Headband,1
Reebok,Tracksuit,48
Reebok,Tracksuit,34
Reebok,Socks,2
FILA,Shoes,18
FILA,Shoes,41
Puma,Tracksuit,46
Adidas,Tracksuit,46
Adidas,Tracksuit,42
FILA,Shoes,60
Adidas,Shoes,86
FILA,Leggings,13
Adidas,Shirt,31
Nike,Leggings,5
FILA,Wristband,3
Nike,Shirt,12
Puma,Tracksuit,35
FILA,Tracksuit,47
Nike,Headband,7
Puma,Shoes,20
Nike,Tracksuit,31
Reebok,Wristband,9
FILA,Wristband,6
Nike,Shoes,63
Adidas,Socks,5
Puma,Shoes,53
Adidas,Wristband,2
Nike,Shirt,33
Reebok,Shoes,109
FILA,Tracksuit,42
Nike,Shoes,51
Nike,Shoes,93
FILA,Shirt,25
FILA,Shirt,18
Reebok,Headband,1
FILA,Wristband,3
Puma,Shirt,17
Reebok,Shirt,18
FILA,Tracksuit,18
Adidas,Tracksuit,27
Puma,Wristband,9
Reebok,Socks,4
FILA,Socks,3
Nike,Tracksuit,13
Puma,Shoes,82
Adidas,Tracksuit,45
Adidas,Shirt,19
Reebok,Wristband,7
Adidas,Shirt,14
Puma,Tracksuit,25
Nike,Hoodie,63
Adidas,Tracksuit,18
Adidas,Shirt,35
Reebok,Hoodie,22
Adidas,Shoes,34
Nike,Shirt,19
Adidas,Shirt,32
Nike,Socks,2
Adidas,Shoes,48
FILA,Shirt,6
Puma,Headband,6
Puma,Shoes,108
Reebok,Tracksuit,46
Reebok,Shirt,24
Adidas,Tracksuit,45
Reebok,Wristband,1
Nike,Tracksuit,38
FILA,Tracksuit,42
FILA,Tracksuit,26
Adidas,Tracksuit,10
FILA,Shoes,45
Adidas,Shoes,44
Adidas,Leggings,9
Puma,Shoes,96
Puma,Shirt,38
FILA,Hoodie,45
Reebok,Hoodie,25
Reebok,Shirt,17
Adidas,Hoodie,41
Puma,Shoes,80
FILA,Tracksuit,44
FILA,Tracksuit,22
Reebok,Socks,3
Reebok,Tracksuit,43
Puma,Shoes,114
Nike,Leggings,8
FILA,Shoes,66
FILA,Tracksuit,50
Reebok,Leggings,10
Adidas,Wristband,9
Puma,Shirt,37
Nike,Shirt,36
Puma,Socks,4
Nike,Hoodie,55
Puma,Tracksuit,48
Reebok,Headband,4
Adidas,Headband,4
FILA,Leggings,21
Nike,Shirt,20
Puma,Wristband,8
Adidas,Hoodie,76
FILA,Shirt,21
FILA,Wristband,4
Adidas,Hoodie,47
Puma,Shoes,39
Puma,Shirt,37
Nike,Wristband,4
Reebok,Shirt,31
FILA,Leggings,23
FILA,Leggings,27
Nike,Shoes,75
Nike,Shirt,34
FILA,Shoes,25
FILA,Tracksuit,28
Adidas,Shoes,24
Adidas,Shoes,91
Nike,Headband,2
Nike,Wristband,3
Nike,Leggings,16
Adidas,Shoes,16
Nike,Tracksuit,44
Reebok,Tracksuit,41
Nike,Shirt,34
Nike,Tracksuit,9
FILA,Leggings,12
Nike,Socks,5
Adidas,Socks,4
Adidas,Shoes,15
Reebok,Shirt,16
Nike,Shoes,39
Nike,Shoes,46
Reebok,Shirt,30
FILA,Shirt,24
FILA,Wristband,1
Nike,Hoodie,25
FILA,Shoes,58
Nike,Wristband,9
Nike,Leggings,22
Nike,Socks,4
Puma,Tracksuit,31
Reebok,Shoes,116
Adidas,Headband,8
Nike,Shoes,81
Reebok,Shirt,35
Puma,Headband,6
Nike,Tracksuit,31
FILA,Leggings,13
Reebok,Shirt,13
Puma,Leggings,11
Adidas,Hoodie,35
Puma,Wristband,9
Reebok,Wristband,6
Puma,Tracksuit,48
Nike,Hoodie,55
Adidas,Socks,4
Reebok,Tracksuit,32
Nike,Socks,5
Nike,Tracksuit,18
Reebok,Shoes,99
Nike,Tracksuit,33
Puma,Shoes,48
Nike,Tracksuit,46
FILA,Wristband,7
Adidas,Wristband,4
Nike,Shoes,29
Reebok,Wristband,3
Reebok,Shirt,31
Nike,Tracksuit,13
Nike,Leggings,8
FILA,Shoes,20
Reebok,Headband,2
Adidas,Tracksuit,32
Nike,Headband,7
Puma,Tracksuit,20
Puma,Hoodie,20
Nike,Socks,5
FILA,Wristband,5
Reebok,Shirt,24
Puma,Shirt,31
Reebok,Leggings,22
Adidas,Leggings,24
Nike,Shirt,35
Nike,Wristband,3
Nike,Leggings,16
Reebok,Wristband,9
Nike,Shoes,101
FILA,Shirt,35
Reebok,Tracksuit,21
Nike,Tracksuit,44
FILA,Shoes,77
Adidas,Shoes,32
Puma,Tracksuit,9
Adidas,Socks,5
Nike,Shoes,118
FILA,Tracksuit,12
Adidas,Shirt,15
Nike,Leggings,5
Nike,Shoes,43
Puma,Hoodie,40
Adidas,Shoes,74
Reebok,Wristband,2
Reebok,Shoes,24
Nike,Shirt,7
Nike,Shirt,16
Puma,Shoes,98
Nike,Tracksuit,19
Reebok,Shoes,46
Adidas,Shoes,95
Adidas,Tracksuit,28
Nike,Shirt,15
Nike,Shoes,120
FILA,Shirt,34
FILA,Socks,3
Puma,Shirt,10
Reebok,Shoes,15
Puma,Tracksuit,29
FILA,Tracksuit,36
Puma,Hoodie,16
FILA,Shoes,106
FILA,Hoodie,37
Reebok,Leggings,18
FILA,Tracksuit,39
Reebok,Shirt,15
Puma,Tracksuit,13
Puma,Shirt,9
Nike,Wristband,9
Reebok,Shirt,12
Puma,Wristband,5
Adidas,Shirt,30
Puma,Shoes,27
FILA,Wristband,4
Reebok,Socks,3
Puma,Leggings,16
Puma,Wristband,7
Nike,Wristband,5
Nike,Wristband,5
Adidas,Leggings,21
Reebok,Shoes,94
Nike,Tracksuit,15
Adidas,Wristband,4
Nike,Wristband,8
Adidas,Socks,4
FILA,Leggings,26
FILA,Tracksuit,12
Adidas,Hoodie,30
Reebok,Wristband,1
Reebok,Leggings,21
Puma,Shoes,81
Reebok,Shoes,115
Puma,Socks,2
Adidas,Tracksuit,27
Puma,Shoes,83
Nike,Shoes,110
Adidas,Shirt,37
Puma,Tracksuit,38
Reebok,Shirt,23
Nike,Tracksuit,40
Puma,Tracksuit,20
Adidas,Hoodie,46
Adidas,Hoodie,26
Nike,Leggings,29
Adidas,Headband,4
FILA,Shirt,32
Adidas,Socks,2
Puma,Shirt,32
FILA,Shirt,11
Nike,Socks,3
FILA,Shirt,27
FILA,Wristband,9
Nike,Leggings,7
Nike,Shoes,56
Puma,Wristband,4
FILA,Tracksuit,48
Nike,Shirt,6
FILA,Hoodie,62
FILA,Shoes,108
Reebok,Tracksuit,37
FILA,Shoes,55
FILA,Wristband,3
Puma,Hoodie,17
Puma,Tracksuit,9
Nike,Shoes,24
Nike,Shoes,41
Reebok,Leggings,24
Nike,Shirt,24
Adidas,Wristband,8
FILA,Headband,3
Adidas,Headband,8
Reebok,Tracksuit,46
Nike,Shirt,29
Reebok,Leggings,29
FILA,Tracksuit,30
FILA,Shirt,17
Adidas,Wristband,7
Reebok,Shirt,9
Reebok,Shirt,36
Nike,Tracksuit,28
Reebok,Wristband,5
Reebok,Wristband,9
FILA,Shirt,38
Adidas,Wristband,1
FILA,Tracksuit,14
FILA,Shirt,17
Nike,Shoes,22
Nike,Leggings,22
FILA,Socks,3
Adidas,Tracksuit,36
Adidas,Shoes,48
Reebok,Leggings,26
Reebok,Socks,4
Adidas,Shirt,33
Puma,Hoodie,49
Reebok,Shirt,10
Adidas,Shoes,91
Reebok,Shirt,31
FILA,Shirt,24
Puma,Hoodie,32
FILA,Socks,4
Puma,Wristband,2
Reebok,Shirt,33
Nike,Tracksuit,39
Adidas,Leggings,6
Adidas,Shoes,69
Reebok,Shoes,44
Adidas,Leggings,18
FILA,Leggings,4
Puma,Shoes,75
Nike,Socks,3
Adidas,Shirt,38
Puma,Hoodie,74
Reebok,Tracksuit,39
Puma,Hoodie,74
FILA,Hoodie,71
Nike,Socks,5
Puma,Tracksuit,43
Nike,Shirt,40
Reebok,Wristband,4
FILA,Wristband,9
Puma,Tracksuit,48
Puma,Shirt,32
Puma,Shoes,53
Puma,Socks,3
Reebok,Hoodie,47
Puma,Shoes,109
FILA,Socks,5
FILA,Shoes,53
Adidas,Tracksuit,27
Reebok,Wristband,9
FILA,Shoes,104
Reebok,Tracksuit,30
FILA,Shoes,70
FILA,Shoes,19
FILA,Socks,3
Nike,Shoes,96
Nike,Hoodie,33
Adidas,Wristband,7
Nike,Shoes,84
Nike,Shoes,30
Reebok,Shirt,35
Puma,Shoes,52
Adidas,Socks,4
Adidas,Leggings,14
Nike,Wristband,8
Adidas,Shoes,55
Adidas,Socks,4
Adidas,Headband,9
Nike,Wristband,3
FILA,Leggings,16
Reebok,Tracksuit,21
FILA,Leggings,15
Nike,Leggings,8
FILA,Shirt,37
Puma,Tracksuit,36
Adidas,Headband,4
Nike,Tracksuit,50
Puma,Leggings,9
Adidas,Shirt,18
Nike,Shoes,111
FILA,Wristband,5
Puma,Socks,4
FILA,Shirt,21
Adidas,Wristband,9
Puma,Shoes,108
Reebok,Tracksuit,28
FILA,Socks,5
Puma,Wristband,6
Adidas,Socks,2
Nike,Leggings,23
Nike,Shoes,56
Nike,Shoes,43
Nike,Wristband,7
Adidas,Shoes,79
Puma,Socks,3
Adidas,Socks,3
Nike,Tracksuit,41
Reebok,Wristband,8
Reebok,Socks,2
FILA,Leggings,5
FILA,Tracksuit,20
FILA,Shirt,29
FILA,Leggings,13
Nike,Shoes,75
Adidas,Wristband,1
Puma,Shoes,73
Reebok,Wristband,5
Puma,Shirt,9
Nike,Leggings,6
Puma,Socks,4
Adidas,Wristband,4
Reebok,Shirt,33
Adidas,Socks,4
Adidas,Shirt,21
FILA,Wristband,9
Reebok,Shoes,31
Reebok,Leggings,22
FILA,Shoes,90
Reebok,Tracksuit,9
Puma,Shoes,24
Puma,Socks,3
Adidas,Shirt,11
Nike,Leggings,5
Adidas,Shoes,111
Puma,Leggings,7
Puma,Leggings,29
Nike,Leggings,28
Adidas,Tracksuit,17
Reebok,Tracksuit,37
Puma,Hoodie,80
Nike,Shirt,11
Nike,Wristband,6
Puma,Tracksuit,31
FILA,Shirt,23
Puma,Wristband,2
FILA,Shirt,15
FILA,Wristband,1
Reebok,Shoes,94
Puma,Hoodie,29
Adidas,Shoes,28
Nike,Tracksuit,17
Nike,Hoodie,51
FILA,Headband,5
Reebok,Socks,4
Reebok,Shoes,81
FILA,Shoes,57
Nike,Shirt,38
FILA,Tracksuit,40
Adidas,Leggings,8
Nike,Shirt,22
Nike,Leggings,10
FILA,Tracksuit,32
Reebok,Leggings,25
Adidas,Hoodie,19
Puma,Shoes,118
Adidas,Leggings,9
FILA,Shirt,14
FILA,Shoes,48
Adidas,Tracksuit,37
Puma,Tracksuit,29
Reebok,Leggings,30
Nike,Wristband,4
Puma,Tracksuit,42
Reebok,Socks,3
Adidas,Socks,4
FILA,Leggings,7
Puma,Shirt,32
Puma,Wristband,4
Nike,Leggings,4
FILA,Shoes,26
Reebok,Wristband,2
Reebok,Shirt,22
Reebok,Tracksuit,39
Reebok,Leggings,27
Adidas,Tracksuit,18
Adidas,Socks,2
FILA,Wristband,8
Puma,Shirt,29
FILA,Shirt,8
Adidas,Shoes,114
Puma,Socks,4
Adidas,Tracksuit,21
Puma,Shirt,16
Reebok,Shirt,13
Puma,Hoodie,36
Reebok,Shirt,37
Puma,Shoes,16
Nike,Tracksuit,21
Puma,Shirt,23
Adidas,Shirt,11
Reebok,Leggings,14
Reebok,Shoes,101
Nike,Tracksuit,43
Nike,Shoes,114
FILA,Shirt,37
FILA,Shirt,14
Reebok,Tracksuit,32
Puma,Shoes,111
Reebok,Wristband,9
FILA,Leggings,21
Puma,Shoes,109
Reebok,Shoes,53
Puma,Leggings,10
Adidas,Socks,5
Adidas,Wristband,5
Adidas,Socks,3
Puma,Hoodie,73
Adidas,Hoodie,30
Reebok,Shirt,18
Reebok,Shirt,29
Puma,Shirt,9
Nike,Shirt,38
Adidas,Shirt,18
Puma,Leggings,14
Adidas,Headband,3
FILA,Tracksuit,35
Reebok,Tracksuit,46
Nike,Shirt,33
Puma,Shirt,40
Puma,Shoes,91
Adidas,Shirt,31
Adidas,Socks,4
Reebok,Hoodie,61
Adidas,Tracksuit,46
Reebok,Tracksuit,13
Adidas,Wristband,6
Adidas,Leggings,14
FILA,Socks,2
Nike,Tracksuit,16
Reebok,Tracksuit,37
Puma,Shirt,22
Puma,Shoes,77
Puma,Shirt,14
Reebok,Hoodie,62
FILA,Tracksuit,30
Adidas,Tracksuit,36
Puma,Shoes,34
Nike,Leggings,9
Adidas,Shoes,34
Nike,Shoes,38
Adidas,Shirt,37
Puma,Hoodie,32
FILA,Shirt,10
Puma,Shirt,9
Adidas,Tracksuit,42
Nike,Tracksuit,38
Adidas,Shirt,29
Puma,Shirt,16
Adidas,Wristband,4
Adidas,Shoes,59
Reebok,Shoes,72
Adidas,Leggings,29
Reebok,Wristband,1
FILA,Shirt,28
Nike,Wristband,6
Adidas,Shirt,28
Adidas,Leggings,7
Puma,Socks,2
Adidas,Tracksuit,30
Adidas,Leggings,30
FILA,Wristband,5
Puma,Leggings,13
Adidas,Wristband,4
Adidas,Shoes,80
Puma,Leggings,25
FILA,Wristband,3
Reebok,Shoes,79
Reebok,Leggings,27
Adidas,Hoodie,77
Nike,Socks,2
Reebok,Shoes,58
FILA,Shoes,112
Reebok,Shoes,99
Adidas,Shirt,33
Adidas,Shirt,21
Nike,Wristband,4
Puma,Shirt,6
Reebok,Shirt,34
Adidas,Tracksuit,18
Reebok,Shoes,43
FILA,Shoes,87
Reebok,Shoes,51
Adidas,Socks,5
Nike,Shirt,20
Reebok,Wristband,4
Puma,Shoes,20
Reebok,Shirt,15
Adidas,Shoes,18
Puma,Leggings,11
Puma,Shoes,84
Puma,Hoodie,70
Reebok,Tracksuit,20
FILA,Socks,2
Reebok,Shoes,70
Puma,Headband,2
FILA,Shirt,35
Nike,Hoodie,37
Adidas,Tracksuit,42
Adidas,Socks,3
Reebok,Wristband,2
Reebok,Tracksuit,44
Puma,Socks,2
Adidas,Tracksuit,40
Nike,Shirt,35
FILA,Shirt,32
Puma,Tracksuit,28
FILA,Tracksuit,32
Nike,Hoodie,71
Nike,Shoes,41
Nike,Leggings,9
Nike,Leggings,6
Nike,Wristband,2
Adidas,Tracksuit,38
Reebok,Shoes,117
Reebok,Socks,5
Nike,Socks,5
Nike,Socks,4
Nike,Tracksuit,41
Puma,Leggings,19
Nike,Tracksuit,32
Puma,Leggings,12
Puma,Tracksuit,45
FILA,Shoes,109
Puma,Shirt,12
Adidas,Wristband,6
Puma,Leggings,20
FILA,Tracksuit,43
Adidas,Shoes,111
Adidas,Socks,2
Puma,Socks,2
Nike,Shoes,57
Adidas,Shirt,33
Nike,Shirt,16
FILA,Socks,5
Nike,Tracksuit,9
Nike,Shoes,35
Adidas,Tracksuit,24
Puma,Leggings,29
Reebok,Shirt,14
Puma,Socks,5
FILA,Shoes,41
Nike,Shoes,27
Nike,Tracksuit,38
FILA,Shirt,13
Adidas,Tracksuit,33
FILA,Tracksuit,33
FILA,Shoes,22
FILA,Tracksuit,41
FILA,Tracksuit,34
Adidas,Shoes,96
FILA,Leggings,12
Adidas,Shirt,28
Nike,Wristband,9
FILA,Headband,9
Puma,Wristband,3
Adidas,Socks,4
Nike,Hoodie,51
Reebok,Tracksuit,28
Reebok,Shirt,21
Puma,Shoes,43
FILA,Tracksuit,12
FILA,Shirt,31
Nike,Tracksuit,28
Puma,Leggings,21
Puma,Shoes,69
FILA,Leggings,26
Adidas,Socks,5
FILA,Shirt,10
FILA,Socks,5
Nike,Tracksuit,22
Adidas,Wristband,4
Adidas,Leggings,20
FILA,Shoes,59
Nike,Hoodie,15
Puma,Tracksuit,18
FILA,Tracksuit,28
Puma,Shoes,63
FILA,Socks,5
Puma,Socks,3
FILA,Hoodie,44
Puma,Shoes,93
Puma,Shoes,37
Adidas,Socks,2
Nike,Tracksuit,11
Adidas,Shirt,21
Nike,Leggings,4
Adidas,Tracksuit,22
Adidas,Shirt,13
Puma,Leggings,19
Adidas,Shirt,11
Adidas,Tracksuit,16
Puma,Shoes,17
Nike,Shoes,39
FILA,Shirt,32
Adidas,Hoodie,35
FILA,Tracksuit,21
Adidas,Socks,3
Puma,Shirt,25
FILA,Tracksuit,26
Puma,Wristband,2
Adidas,Leggings,18
Reebok,Tracksuit,30
Reebok,Shirt,34
FILA,Wristband,1
FILA,Shoes,39
FILA,Shirt,21
Nike,Shirt,31
Puma,Leggings,29
Adidas,Shirt,22
Reebok,Leggings,9
Puma,Wristband,6
Puma,Wristband,5
Reebok,Shirt,15
Adidas,Leggings,24
Reebok,Shoes,34
Puma,Shoes,92
Adidas,Tracksuit,11
Nike,Tracksuit,19
Puma,Socks,3
Reebok,Wristband,6
Reebok,Leggings,9
Reebok,Shoes,39
Nike,Shoes,101
Puma,Tracksuit,19
Puma,Shirt,21
Puma,Tracksuit,48
Reebok,Shirt,27
Reebok,Shirt,39
Puma,Hoodie,72
Puma,Shoes,89
Adidas,Tracksuit,47
Nike,Tracksuit,13
Adidas,Socks,3
FILA,Shoes,56
Reebok,Shirt,29
Reebok,Wristband,1
Reebok,Shirt,35
Adidas,Wristband,2
Adidas,Shirt,31
FILA,Tracksuit,36
Adidas,Wristband,3
FILA,Shoes,74
Nike,Socks,5
Adidas,Leggings,14
Reebok,Socks,4
Adidas,Shoes,38
Reebok,Leggings,20
Adidas,Tracksuit,34
Adidas,Shirt,8
Adidas,Socks,3
Adidas,Shoes,97
Nike,Headband,8
Puma,Shoes,39
Nike,Shoes,18
Puma,Shirt,29
Adidas,Wristband,1
Adidas,Headband,2
Adidas,Shirt,27
FILA,Shirt,33
Nike,Tracksuit,19
Reebok,Wristband,9
Puma,Shirt,33
Adidas,Shoes,40
Adidas,Headband,3
Nike,Hoodie,74
Nike,Leggings,12
Adidas,Wristband,2
Puma,Shirt,10
Puma,Shoes,63
Puma,Tracksuit,30
Nike,Hoodie,22
Adidas,Wristband,8
FILA,Shirt,11
Reebok,Shirt,33
Reebok,Tracksuit,40
Reebok,Tracksuit,44
Nike,Tracksuit,41
Nike,Hoodie,27
Reebok,Hoodie,71
Adidas,Wristband,3
Nike,Headband,6
FILA,Wristband,4
Puma,Wristband,6
FILA,Shirt,10
Reebok,Tracksuit,13
Reebok,Headband,2
Adidas,Leggings,18
Puma,Hoodie,47
Puma,Shoes,32
Adidas,Shirt,33
Nike,Tracksuit,39
Reebok,Headband,2
Nike,Tracksuit,35
Nike,Shirt,25
Adidas,Shoes,114
Puma,Socks,3
Puma,Wristband,1
Puma,Leggings,25
Adidas,Socks,5
Reebok,Leggings,5
Nike,Socks,4
Nike,Shirt,26
Reebok,Leggings,30
Puma,Socks,4
FILA,Wristband,3
Nike,Hoodie,39
Reebok,Tracksuit,23
Adidas,Shoes,58
Nike,Shoes,71
Adidas,Socks,3
Nike,Tracksuit,25
Nike,Shirt,28
Adidas,Socks,3
Reebok,Wristband,4
Reebok,Leggings,13
Puma,Tracksuit,24
FILA,Hoodie,36
Reebok,Leggings,6
FILA,Wristband,3
Reebok,Headband,8
Nike,Shoes,111
Adidas,Shoes,82
Nike,Shoes,93
Puma,Tracksuit,21
Adidas,Socks,2
FILA,Shirt,26
Reebok,Tracksuit,39
Reebok,Socks,4
Reebok,Tracksuit,22
Puma,Shirt,20
Nike,Headband,6
Nike,Leggings,21
Reebok,Socks,3
Reebok,Tracksuit,21
Puma,Leggings,7
Puma,Tracksuit,28
Adidas,Tracksuit,15
Adidas,Tracksuit,40
Nike,Hoodie,64
FILA,Socks,3
Reebok,Socks,3
Adidas,Leggings,4
Puma,Shoes,120
FILA,Headband,9
FILA,Wristband,5
FILA,Shoes,109
Nike,Headband,3
Nike,Headband,7
Nike,Wristband,2
Reebok,Shirt,14
Puma,Shoes,69
Nike,Socks,2
Puma,Tracksuit,29
Nike,Socks,2
Adidas,Shirt,17
Nike,Tracksuit,14
FILA,Socks,2
Puma,Wristband,5
Adidas,Shoes,49
Reebok,Shirt,13
Nike,Hoodie,25
Reebok,Tracksuit,34
Puma,Wristband,4
Reebok,Socks,2
FILA,Shirt,16
Reebok,Shirt,24
Puma,Shoes,120
FILA,Shirt,9
FILA,Socks,5
Adidas,Shirt,6
Adidas,Socks,3
Adidas,Tracksuit,23
Reebok,Socks,3
Puma,Shirt,10
Nike,Shirt,19
Adidas,Headband,1
Adidas,Tracksuit,12
FILA,Socks,4
FILA,Leggings,15
FILA,Shoes,56
Adidas,Leggings,15
Nike,Tracksuit,47
FILA,Shoes,38
Adidas,Tracksuit,10
Adidas,Tracksuit,16
Adidas,Shirt,30
Reebok,Shirt,31
FILA,Wristband,7
Puma,Leggings,8
Nike,Shirt,38
Adidas,Tracksuit,34
Nike,Shirt,29
Puma,Shoes,16
Nike,Tracksuit,18
Puma,Wristband,3
Puma,Hoodie,24
Adidas,Shoes,24
Reebok,Socks,4
Puma,Leggings,16
FILA,Socks,5
Reebok,Tracksuit,31
Reebok,Leggings,26
FILA,Leggings,12
Adidas,Shirt,19
FILA,Shirt,9
Reebok,Leggings,25
Adidas,Shirt,33
FILA,Shirt,23
Nike,Shoes,76
Puma,Wristband,9
Nike,Leggings,19
FILA,Shirt,14
Adidas,Leggings,20
Reebok,Tracksuit,42
Nike,Tracksuit,45
Reebok,Wristband,7
Reebok,Wristband,8
Puma,Tracksuit,34
Puma,Leggings,11
Reebok,Tracksuit,33
Puma,Shirt,12
Puma,Shirt,19
Adidas,Tracksuit,14
Puma,Wristband,4
Reebok,Shoes,71
Adidas,Headband,8
FILA,Shoes,98
Adidas,Tracksuit,28
Puma,Headband,5
Reebok,Shoes,28
Reebok,Wristband,8
Nike,Tracksuit,12
FILA,Wristband,2
FILA,Wristband,7
FILA,Leggings,22
Puma,Tracksuit,21
FILA,Shirt,15
Adidas,Shirt,27
Nike,Leggings,27
Reebok,Socks,3
Puma,Wristband,7
Adidas,Tracksuit,22
Reebok,Tracksuit,38
Nike,Headband,7
Puma,Shirt,11
Nike,Wristband,7
Nike,Socks,5
Adidas,Shirt,32
Puma,Socks,2
FILA,Socks,3
Puma,Socks,2
Adidas,Shirt,39
FILA,Socks,5
FILA,Socks,5
Reebok,Shoes,17
